cohort,niche,business_leads,cities_covered,city_list,normalized_need_median,normalized_need_average,call_ready_count,call_ready_pct,excluded_pct,median_reviews,median_rating,median_review_to_local_ratio,below_local_result_median_pct,under_20_reviews_pct,no_website_pct,mobile_verified_pct,possible_mobile_voip_pct,website_audited_count,website_actionable_pct_of_audited,comparison_for,matched_city_list
Alternative matched arm,pool service,71,11,Phoenix | Tucson | Mesa | Scottsdale | Glendale | Gilbert | Tempe | Peoria | Surprise | Yuma | Flagstaff,47,46.1,38,53.5,9.9,85,4.8,0.96,50.7,14.1,4.2,47.9,36.6,22,54.5,pool service,Phoenix | Tucson | Mesa | Scottsdale | Glendale | Gilbert | Tempe | Peoria | Surprise | Yuma | Flagstaff
Traditional matched control,hvac contractor,71,11,Phoenix | Tucson | Mesa | Scottsdale | Glendale | Gilbert | Tempe | Peoria | Surprise | Yuma | Flagstaff,44,46.1,34,47.9,4.2,316,4.9,1,39.4,2.8,1.4,16.9,80.3,30,16.7,pool service,Phoenix | Tucson | Mesa | Scottsdale | Glendale | Gilbert | Tempe | Peoria | Surprise | Yuma | Flagstaff
Traditional matched control,plumber,71,11,Phoenix | Tucson | Mesa | Scottsdale | Glendale | Gilbert | Tempe | Peoria | Surprise | Yuma | Flagstaff,46,45.5,36,50.7,5.6,472,4.9,1,45.1,0,4.2,23.9,69,28,10.7,pool service,Phoenix | Tucson | Mesa | Scottsdale | Glendale | Gilbert | Tempe | Peoria | Surprise | Yuma | Flagstaff
Traditional matched control,landscaper,71,11,Phoenix | Tucson | Mesa | Scottsdale | Glendale | Gilbert | Tempe | Peoria | Surprise | Yuma | Flagstaff,49,47.9,39,54.9,4.2,62,4.9,1,43.7,14.1,5.6,57.7,32.4,37,37.8,pool service,Phoenix | Tucson | Mesa | Scottsdale | Glendale | Gilbert | Tempe | Peoria | Surprise | Yuma | Flagstaff
Alternative matched arm,irrigation repair,59,11,Phoenix | Mesa | Chandler | Scottsdale | Glendale | Gilbert | Tempe | Peoria | Surprise | Yuma | Flagstaff,51,48,32,54.2,8.5,43,4.9,1,47.5,35.6,18.6,54.2,27.1,21,66.7,irrigation repair,Phoenix | Mesa | Chandler | Scottsdale | Glendale | Gilbert | Tempe | Peoria | Surprise | Yuma | Flagstaff
Traditional matched control,hvac contractor,59,11,Phoenix | Mesa | Chandler | Scottsdale | Glendale | Gilbert | Tempe | Peoria | Surprise | Yuma | Flagstaff,44,45.6,27,45.8,5.1,438,4.9,1,40.7,3.4,1.7,16.9,81.4,25,16,irrigation repair,Phoenix | Mesa | Chandler | Scottsdale | Glendale | Gilbert | Tempe | Peoria | Surprise | Yuma | Flagstaff
Traditional matched control,plumber,59,11,Phoenix | Mesa | Chandler | Scottsdale | Glendale | Gilbert | Tempe | Peoria | Surprise | Yuma | Flagstaff,44,44.1,27,45.8,5.1,484,4.9,1,39,0,1.7,22,71.2,21,9.5,irrigation repair,Phoenix | Mesa | Chandler | Scottsdale | Glendale | Gilbert | Tempe | Peoria | Surprise | Yuma | Flagstaff
Traditional matched control,landscaper,59,11,Phoenix | Mesa | Chandler | Scottsdale | Glendale | Gilbert | Tempe | Peoria | Surprise | Yuma | Flagstaff,50,50.5,34,57.6,1.7,64,4.9,1,44.1,16.9,5.1,61,30.5,33,45.5,irrigation repair,Phoenix | Mesa | Chandler | Scottsdale | Glendale | Gilbert | Tempe | Peoria | Surprise | Yuma | Flagstaff
Alternative matched arm,pest control,78,12,Phoenix | Tucson | Mesa | Chandler | Scottsdale | Glendale | Gilbert | Tempe | Peoria | Surprise | Yuma | Flagstaff,43,43.3,33,42.3,15.4,501,4.9,1.04,46.2,3.8,0,20.5,59,14,28.6,pest control,Phoenix | Tucson | Mesa | Chandler | Scottsdale | Glendale | Gilbert | Tempe | Peoria | Surprise | Yuma | Flagstaff
Traditional matched control,hvac contractor,78,12,Phoenix | Tucson | Mesa | Chandler | Scottsdale | Glendale | Gilbert | Tempe | Peoria | Surprise | Yuma | Flagstaff,45,46.4,39,50,3.8,404,4.9,1,41,2.6,1.3,19.2,78.2,34,14.7,pest control,Phoenix | Tucson | Mesa | Chandler | Scottsdale | Glendale | Gilbert | Tempe | Peoria | Surprise | Yuma | Flagstaff
Traditional matched control,plumber,78,12,Phoenix | Tucson | Mesa | Chandler | Scottsdale | Glendale | Gilbert | Tempe | Peoria | Surprise | Yuma | Flagstaff,44.5,45.7,38,48.7,5.1,389.5,4.9,1,43.6,0,3.8,24.4,69.2,30,13.3,pest control,Phoenix | Tucson | Mesa | Chandler | Scottsdale | Glendale | Gilbert | Tempe | Peoria | Surprise | Yuma | Flagstaff
Traditional matched control,landscaper,78,12,Phoenix | Tucson | Mesa | Chandler | Scottsdale | Glendale | Gilbert | Tempe | Peoria | Surprise | Yuma | Flagstaff,49,48.5,43,55.1,3.8,60.5,4.9,1,43.6,16.7,5.1,59,32.1,41,39,pest control,Phoenix | Tucson | Mesa | Chandler | Scottsdale | Glendale | Gilbert | Tempe | Peoria | Surprise | Yuma | Flagstaff
Alternative matched arm,house cleaning,56,10,Tucson | Mesa | Scottsdale | Glendale | Gilbert | Tempe | Peoria | Surprise | Yuma | Flagstaff,45,48.1,22,39.3,8.9,153,4.8,1.07,44.6,21.4,5.4,32.1,62.5,11,72.7,house cleaning,Tucson | Mesa | Scottsdale | Glendale | Gilbert | Tempe | Peoria | Surprise | Yuma | Flagstaff
Traditional matched control,hvac contractor,56,10,Tucson | Mesa | Scottsdale | Glendale | Gilbert | Tempe | Peoria | Surprise | Yuma | Flagstaff,44,46.3,26,46.4,5.4,282,4.9,1,41.1,3.6,1.8,21.4,76.8,23,21.7,house cleaning,Tucson | Mesa | Scottsdale | Glendale | Gilbert | Tempe | Peoria | Surprise | Yuma | Flagstaff
Traditional matched control,plumber,56,10,Tucson | Mesa | Scottsdale | Glendale | Gilbert | Tempe | Peoria | Surprise | Yuma | Flagstaff,46,45.1,29,51.8,7.1,352,4.9,1,42.9,0,3.6,26.8,64.3,21,9.5,house cleaning,Tucson | Mesa | Scottsdale | Glendale | Gilbert | Tempe | Peoria | Surprise | Yuma | Flagstaff
Traditional matched control,landscaper,56,10,Tucson | Mesa | Scottsdale | Glendale | Gilbert | Tempe | Peoria | Surprise | Yuma | Flagstaff,50,50.6,32,57.1,1.8,60.5,4.9,1,46.4,17.9,7.1,58.9,30.4,31,41.9,house cleaning,Tucson | Mesa | Scottsdale | Glendale | Gilbert | Tempe | Peoria | Surprise | Yuma | Flagstaff
Alternative matched arm,garage door repair,64,11,Phoenix | Tucson | Chandler | Scottsdale | Glendale | Gilbert | Tempe | Peoria | Surprise | Yuma | Flagstaff,46,43.2,30,46.9,15.6,216.5,4.9,1.16,45.3,3.1,9.4,34.4,56.3,15,46.7,garage door repair,Phoenix | Tucson | Chandler | Scottsdale | Glendale | Gilbert | Tempe | Peoria | Surprise | Yuma | Flagstaff
Traditional matched control,hvac contractor,64,11,Phoenix | Tucson | Chandler | Scottsdale | Glendale | Gilbert | Tempe | Peoria | Surprise | Yuma | Flagstaff,44,45.3,29,45.3,6.3,443.5,4.9,1,39.1,3.1,1.6,18.8,81.3,26,19.2,garage door repair,Phoenix | Tucson | Chandler | Scottsdale | Glendale | Gilbert | Tempe | Peoria | Surprise | Yuma | Flagstaff
Traditional matched control,plumber,64,11,Phoenix | Tucson | Chandler | Scottsdale | Glendale | Gilbert | Tempe | Peoria | Surprise | Yuma | Flagstaff,44,43.6,29,45.3,7.8,478,4.9,1,40.6,0,0,23.4,70.3,22,4.5,garage door repair,Phoenix | Tucson | Chandler | Scottsdale | Glendale | Gilbert | Tempe | Peoria | Surprise | Yuma | Flagstaff
Traditional matched control,landscaper,64,11,Phoenix | Tucson | Chandler | Scottsdale | Glendale | Gilbert | Tempe | Peoria | Surprise | Yuma | Flagstaff,48.5,48,34,53.1,4.7,65,4.9,1,42.2,14.1,6.3,54.7,34.4,31,41.9,garage door repair,Phoenix | Tucson | Chandler | Scottsdale | Glendale | Gilbert | Tempe | Peoria | Surprise | Yuma | Flagstaff
Alternative matched arm,carpet cleaning,60,11,Phoenix | Tucson | Mesa | Chandler | Scottsdale | Glendale | Gilbert | Tempe | Surprise | Yuma | Flagstaff,48,46.9,24,40,11.7,98.5,4.9,1.02,45,6.7,1.7,51.7,36.7,11,45.5,carpet cleaning,Phoenix | Tucson | Mesa | Chandler | Scottsdale | Glendale | Gilbert | Tempe | Surprise | Yuma | Flagstaff
Traditional matched control,hvac contractor,60,11,Phoenix | Tucson | Mesa | Chandler | Scottsdale | Glendale | Gilbert | Tempe | Surprise | Yuma | Flagstaff,44,45.5,27,45,5,436.5,4.9,1,36.7,3.3,1.7,16.7,80,23,13,carpet cleaning,Phoenix | Tucson | Mesa | Chandler | Scottsdale | Glendale | Gilbert | Tempe | Surprise | Yuma | Flagstaff
Traditional matched control,plumber,60,11,Phoenix | Tucson | Mesa | Chandler | Scottsdale | Glendale | Gilbert | Tempe | Surprise | Yuma | Flagstaff,44.5,46,29,48.3,5,352,4.9,1,43.3,0,5,25,66.7,25,16,carpet cleaning,Phoenix | Tucson | Mesa | Chandler | Scottsdale | Glendale | Gilbert | Tempe | Surprise | Yuma | Flagstaff
Traditional matched control,landscaper,60,11,Phoenix | Tucson | Mesa | Chandler | Scottsdale | Glendale | Gilbert | Tempe | Surprise | Yuma | Flagstaff,48.5,51,34,56.7,0,59,4.9,1,45,20,6.7,58.3,36.7,32,46.9,carpet cleaning,Phoenix | Tucson | Mesa | Chandler | Scottsdale | Glendale | Gilbert | Tempe | Surprise | Yuma | Flagstaff
Alternative matched arm,appliance repair,55,11,Phoenix | Mesa | Chandler | Scottsdale | Glendale | Gilbert | Tempe | Peoria | Surprise | Yuma | Flagstaff,45,46.3,22,40,10.9,96,4.8,1,49.1,20,16.4,41.8,40,18,66.7,appliance repair,Phoenix | Mesa | Chandler | Scottsdale | Glendale | Gilbert | Tempe | Peoria | Surprise | Yuma | Flagstaff
Traditional matched control,hvac contractor,55,11,Phoenix | Mesa | Chandler | Scottsdale | Glendale | Gilbert | Tempe | Peoria | Surprise | Yuma | Flagstaff,44,45.5,27,49.1,3.6,461,4.9,1,38.2,0,1.8,20,78.2,22,18.2,appliance repair,Phoenix | Mesa | Chandler | Scottsdale | Glendale | Gilbert | Tempe | Peoria | Surprise | Yuma | Flagstaff
Traditional matched control,plumber,55,11,Phoenix | Mesa | Chandler | Scottsdale | Glendale | Gilbert | Tempe | Peoria | Surprise | Yuma | Flagstaff,44,45.8,26,47.3,3.6,351,4.9,1,40,0,3.6,23.6,70.9,18,16.7,appliance repair,Phoenix | Mesa | Chandler | Scottsdale | Glendale | Gilbert | Tempe | Peoria | Surprise | Yuma | Flagstaff
Traditional matched control,landscaper,55,11,Phoenix | Mesa | Chandler | Scottsdale | Glendale | Gilbert | Tempe | Peoria | Surprise | Yuma | Flagstaff,49,47.7,30,54.5,5.5,64,4.9,1,45.5,16.4,3.6,56.4,34.5,29,31,appliance repair,Phoenix | Mesa | Chandler | Scottsdale | Glendale | Gilbert | Tempe | Peoria | Surprise | Yuma | Flagstaff
Alternative matched arm,tile and grout cleaning,70,12,Phoenix | Tucson | Mesa | Chandler | Scottsdale | Glendale | Gilbert | Tempe | Peoria | Surprise | Yuma | Flagstaff,42.5,41.5,24,34.3,14.3,85,4.9,1.04,45.7,10,2.9,50,37.1,9,55.6,tile and grout cleaning,Phoenix | Tucson | Mesa | Chandler | Scottsdale | Glendale | Gilbert | Tempe | Peoria | Surprise | Yuma | Flagstaff
Traditional matched control,hvac contractor,70,12,Phoenix | Tucson | Mesa | Chandler | Scottsdale | Glendale | Gilbert | Tempe | Peoria | Surprise | Yuma | Flagstaff,44,45.8,33,47.1,5.7,426.5,4.9,1,41.4,2.9,1.4,14.3,82.9,29,17.2,tile and grout cleaning,Phoenix | Tucson | Mesa | Chandler | Scottsdale | Glendale | Gilbert | Tempe | Peoria | Surprise | Yuma | Flagstaff
Traditional matched control,plumber,70,12,Phoenix | Tucson | Mesa | Chandler | Scottsdale | Glendale | Gilbert | Tempe | Peoria | Surprise | Yuma | Flagstaff,44,44.7,33,47.1,7.1,387.5,4.9,1,41.4,0,4.3,25.7,65.7,27,11.1,tile and grout cleaning,Phoenix | Tucson | Mesa | Chandler | Scottsdale | Glendale | Gilbert | Tempe | Peoria | Surprise | Yuma | Flagstaff
Traditional matched control,landscaper,70,12,Phoenix | Tucson | Mesa | Chandler | Scottsdale | Glendale | Gilbert | Tempe | Peoria | Surprise | Yuma | Flagstaff,49.5,50.2,39,55.7,1.4,67,4.9,1,42.9,17.1,5.7,60,31.4,38,42.1,tile and grout cleaning,Phoenix | Tucson | Mesa | Chandler | Scottsdale | Glendale | Gilbert | Tempe | Peoria | Surprise | Yuma | Flagstaff