Research rank,Callable rank,Existing cockpit record,Business,Category,City / service area,State,Phone,Email,Paid channel(s),Paid-signal confidence,Paid evidence,Platform response / demand,Recommended first conversation,Why this angle,Google profile status,Google rating,Google reviews,Google Maps,Google search,Website status,Website,Platform profile(s),Evidence page(s),Observed,Cockpit lead ID,Match method,Possible existing IDs,Status,Notes
1,1,Existing cockpit record · enriched in place,"Temperature Control, Inc. A/C-Heating & Plumbing - Tucson, AZ",hvac contractor,Tucson,AZ,'+15207753566,,Angi,Confirmed paid,Angi: Approved advertiser badge (Confirmed paid) | Angi: Approved advertiser badge (Confirmed paid),Angi · response 2 days · 409 recent quote requests | Angi · response 11 hrs · rate 91% · 562 recent quote requests,Lead recovery,"Angi shows the company is already acquiring leads. Its basic website/Google presence is established, so qualify what happens when a paid call or form is missed.",Current Google profile matched,4.9,2219,https://www.google.com/maps/search/?api=1&query=Temperature%20Control%2C%20Inc.%20A%2FC-Heating%20%26%20Plumbing%20-%20Tucson%2C%20AZ&query_place_id=ChIJZ5Be8T9x1oYR-4MljaoTYSE,https://www.google.com/maps/search/?api=1&query=Temperature%20Control%20Plumbing%2C%20LLC%20Arizona,Live,https://temp-con.com/,,https://www.angi.com/companylist/us/az/tucson/plumbing.htm | https://www.angi.com/companylist/us/az/tucson/hvac.htm,2026-07-22,place-ChIJZ5Be8T9x1oYR-4MljaoTYSE,Reviewed cross-platform identity match,,,
2,2,Existing cockpit record · enriched in place,Custom Plumbing of Arizona - Phoenix,plumber,Phoenix,AZ,'+16028662665,denise@customplumbingaz.com,Angi,Confirmed paid,Angi: Approved advertiser badge (Confirmed paid),Angi · 2735 recent quote requests,Lead recovery,"Angi shows the company is already acquiring leads. Its basic website/Google presence is established, so qualify what happens when a paid call or form is missed.",Current Google profile matched,4.7,687,https://www.google.com/maps/search/?api=1&query=Custom%20Plumbing%20of%20Arizona%20-%20Phoenix&query_place_id=ChIJFRKRVhFCK4cRxn6Ult7LGrg,"https://www.google.com/maps/place/Custom+Plumbing+of+Arizona+-+Phoenix/@33.6773351,-112.0373128,14z/data=!4m8!1m2!2m1!1sCustom+Plumbing+of+Arizona+-+Phoenix!3m4!1s0x872b421156911215:0xb81acbde96947ec6!8m2!3d33.6773351!4d-112.0373128",Live,https://customplumbingaz.com/,https://www.angi.com/companylist/us/az/phoenix/custom-plumbing-of-arizona-llc-reviews-2.htm,https://www.angi.com/companylist/us/az/phoenix/plumbing.htm,2026-07-22,place-ChIJFRKRVhFCK4cRxn6Ult7LGrg,Reviewed cross-platform identity match,,,
3,3,Existing cockpit record · enriched in place,"Benjamin Franklin Plumbing of Phoenix, AZ",Plumber,Phoenix,AZ,'+1 480-223-9348,jfraccascia@benfranklinplumbingaz.com,Angi + Google Search Ads,Confirmed paid,Angi: Approved advertiser badge (Confirmed paid) | Google Search Ads: Active lead-platform signal (Confirmed paid),Angi · response 50 mins · 124 recent quote requests,Lead recovery,"Angi + Google Search Ads shows the company is already acquiring leads. Its basic website/Google presence is established, so qualify what happens when a paid call or form is missed.",Current Google profile signal · direct link needs recheck,4.8,1956,,https://www.google.com/maps/search/?api=1&query=Benjamin%20Franklin%20The%20Punctual%20Plumber%20Arizona,Website linked on Angi profile · live state not audited,http://www.benfranklinplumbingaz.com/,https://www.angi.com/companylist/us/az/scottsdale/benjamin-franklin-the-punctual-plumber-reviews-1.htm,https://www.angi.com/companylist/us/az/phoenix/plumbing.htm | https://www.google.com/search?q=plumber+phoenix+az,2026-07-21 | 2026-07-22,phone-4802239348,Exact phone/place/domain/name + service-area match,,,
4,4,Existing cockpit record · enriched in place,Plumber of Tucson,plumber,Tucson,AZ,'+15209009010,,Angi + Yelp,Confirmed paid,Angi: Approved advertiser badge (Confirmed paid) | Yelp: Sponsored result (Confirmed paid),Angi · response 2 hrs · rate 93% | Yelp · response 10 mins,Lead recovery,"Angi + Yelp shows the company is already acquiring leads. Its basic website/Google presence is established, so qualify what happens when a paid call or form is missed.",Current Google profile matched,4.9,353,https://www.google.com/maps/search/?api=1&query=Plumber%20of%20Tucson&query_place_id=ChIJ__-Po1Fw1oYRMM9-08W0cCQ,https://www.google.com/maps/search/?api=1&query=Plumber%20of%20Tucson%20Arizona,Basic website checks pass,https://plumberoftucson.com/,https://www.yelp.com/biz/plumber-of-tucson-tucson-2,https://www.angi.com/companylist/us/az/tucson/plumbing.htm | https://www.yelp.com/search?find_desc=Plumbers&find_loc=Tucson%2C%20AZ,2026-07-21 | 2026-07-22,place-ChIJ__-Po1Fw1oYRMM9-08W0cCQ,Exact phone/place/domain/name + service-area match,,,
5,5,Existing cockpit record · enriched in place,Blue Fox Garage Doors,Garage door service,Gilbert,AZ,(480) 877-9841,,Angi,Confirmed paid,Angi: Approved advertiser badge (Confirmed paid) | Angi: Approved advertiser badge (Confirmed paid),Angi · response 5 hrs · rate 95% · 241 recent quote requests | Angi · response 5 hrs · rate 95% · 241 recent quote requests,Website,The company is buying visibility while its recorded website has a current website rescue candidate · parked/thin page signal.,Current Google profile matched,5,907,https://maps.google.com/?cid=18026172247038571114&g_mp=Cidnb29nbGUubWFwcy5wbGFjZXMudjEuUGxhY2VzLlNlYXJjaFRleHQQAhgEIAA,https://www.google.com/maps/search/?api=1&query=Blue%20Fox%20Garage%20Doors%20Arizona,Website rescue candidate · parked/thin page,https://bluefoxgaragedoors.com/,,https://www.angi.com/companylist/us/az/phoenix/garage-doors.htm | https://www.angi.com/companylist/us/az/tucson/garage-doors.htm,2026-07-22,phone-4808779841,Exact normalized business-name match,,,
6,6,Existing cockpit record · enriched in place,"Platinum Elite Steam Cleaning, Inc. Tuscon AZ",tile and grout cleaning,Tucson,AZ,'+15205265502,,Angi,Confirmed paid,Angi: Approved advertiser badge (Confirmed paid),Angi · response 4 hrs · 49 recent quote requests,Website,Paid acquisition is active and the existing Google/site audit did not find an owned website. Recheck before saying this on the call.,Current Google profile matched,5,34,https://www.google.com/maps/search/?api=1&query=Platinum%20Elite%20Steam%20Cleaning%2C%20Inc.%20Tuscon%20AZ&query_place_id=ChIJYZRs8lRxAoIRyQlFBMm-Ao8,https://www.google.com/maps/search/?api=1&query=PLATINUM%20ELITE%20STEAM%20CLEANING%20INC.%20Arizona,Website build candidate · no site linked on Google,,,https://www.angi.com/companylist/us/az/tucson/house-cleaning.htm,2026-07-22,place-ChIJYZRs8lRxAoIRyQlFBMm-Ao8,Reviewed cross-platform identity match,,,
7,7,Existing cockpit record · enriched in place,Preferred Choice Pest Control,pest control,Surprise,AZ,'+16027411059,,Angi,Confirmed paid,Angi: Approved advertiser badge (Confirmed paid),Angi · response 2 hrs,Website,The company is buying visibility while its recorded website has a current conversion fix candidate · technical flags signal.,Current Google profile matched,5,33,https://www.google.com/maps/search/?api=1&query=Preferred%20Choice%20Pest%20Control&query_place_id=ChIJ411J7kv7OQoRk1whQUMili8,https://www.google.com/maps/search/?api=1&query=Preferred%20Choice%20Pest%20Control%20Arizona,Conversion fix candidate · technical flags,https://www.preferredchoicepestcontrol.com/,,https://www.angi.com/companylist/us/az/phoenix/pest-control.htm,2026-07-22,place-ChIJ411J7kv7OQoRk1whQUMili8,Exact normalized business-name match,,,
8,8,Existing cockpit record · enriched in place,Elite Garage Doors & Gates,garage door repair,Flagstaff,AZ,'+19288468607,damcnelis@yahoo.com,Angi,Confirmed paid,Angi: Approved advertiser badge (Confirmed paid),Angi · response 4 hrs · 205 recent quote requests,Website,The company is buying visibility while its recorded website has a current conversion fix candidate · technical flags signal.,Current Google profile matched,4.8,20,https://www.google.com/maps/search/?api=1&query=Elite%20Garage%20Doors%20%26%20Gates&query_place_id=ChIJndcIYyuPLYcRuO71XYh23ds,https://www.google.com/maps/search/?api=1&query=Elite%20Garage%20Doors%20%26%20Gates%20Arizona,Conversion fix candidate · technical flags,https://elitegaragedoorsandgates.com/garage-door-repair-flagstaff-az/,,https://www.angi.com/companylist/us/az/tucson/garage-doors.htm,2026-07-22,place-ChIJndcIYyuPLYcRuO71XYh23ds,Exact phone/place/domain/name + service-area match,,,
9,9,Existing cockpit record · enriched in place,Best Pest & Wildlife Control Arizona,pest control,Tempe,AZ,'+14804288948,,Angi,Confirmed paid,Angi: Approved advertiser badge (Confirmed paid),Angi · response 1 day · rate 100% · 98 recent quote requests,Reviews,"Angi shows paid lead activity; Google currently shows 123 reviews at 4.8, creating a concrete reputation-system conversation.",Current Google profile matched,4.8,123,https://www.google.com/maps/search/?api=1&query=Best%20Pest%20%26%20Wildlife%20Control%20Arizona&query_place_id=ChIJFS7bdVDjBkERP9uLKj3Sa0k,"https://www.google.com/maps/place/Best+Pest+%26+Wildlife+Control+Arizona/@33.019338,-112.0206415,14z/data=!4m8!1m2!2m1!1sBest+Pest+%26+Wildlife+Control+Arizona!3m4!1s0x4106e35075db2e15:0x496bd23d2a8bdb3f!8m2!3d33.019338!4d-112.0206415",Live,https://bestpestwildlife.com/arizona/,,https://www.angi.com/companylist/us/az/tucson/pest-control.htm,2026-07-22,place-ChIJFS7bdVDjBkERP9uLKj3Sa0k,Reviewed cross-platform identity match,,,
10,10,Existing cockpit record · enriched in place,Tucson Pest Control,pest control,Tucson,AZ,'+15207751845,,Angi,Confirmed paid,Angi: Approved advertiser badge (Confirmed paid),Angi · 3 recent quote requests,Reviews,"Angi shows paid lead activity; Google currently shows 81 reviews at 4.9, creating a concrete reputation-system conversation.",Current Google profile matched,4.9,81,https://www.google.com/maps/search/?api=1&query=Tucson%20Pest%20Control&query_place_id=ChIJn0E1usjX1YYREVGufmD_0xQ,https://www.google.com/maps/search/?api=1&query=Tucson%20Pest%20Control%20Arizona,Basic website checks pass,https://www.mytucsonpestcontrol.com/,,https://www.angi.com/companylist/us/az/tucson/pest-control.htm,2026-07-22,place-ChIJn0E1usjX1YYREVGufmD_0xQ,Exact phone/place/domain/name + service-area match,,,
11,11,Existing cockpit record · enriched in place,ACTION Termite and Pest Control,pest control,Scottsdale,AZ,'+14809457378,,Angi,Confirmed paid,Angi: Approved advertiser badge (Confirmed paid) | Angi: Approved advertiser badge (Confirmed paid),,Reviews,"Angi shows paid lead activity; Google currently shows 57 reviews at 5.0, creating a concrete reputation-system conversation.",Current Google profile matched,5,57,https://www.google.com/maps/search/?api=1&query=ACTION%20Termite%20and%20Pest%20Control&query_place_id=ChIJZ2_0Idt1K4cR2s3GkLiG78c,https://www.google.com/maps/search/?api=1&query=ACTION%20Termite%20%26%20Pest%20Control%20Arizona,Basic website checks pass,https://www.actiontermitecontrol.com/scottsdale/,,https://www.angi.com/companylist/us/az/phoenix/pest-control.htm | https://www.angi.com/companylist/us/az/tucson/pest-control.htm,2026-07-22,place-ChIJZ2_0Idt1K4cR2s3GkLiG78c,Exact phone/place/domain/name + service-area match,,,
12,12,Existing cockpit record · enriched in place,Desert Spring Garage Door Repair,Garage door service,Phoenix,AZ,(602) 694-3212,drew@hngr8.com,Angi,Confirmed paid,Angi: Approved advertiser badge (Confirmed paid),Angi · 10 recent quote requests,Reviews,"Angi shows paid lead activity; Google currently shows 28 reviews at 5.0, creating a concrete reputation-system conversation.",Current Google profile matched,5,28,https://maps.google.com/?cid=17406728300688316682&g_mp=Cidnb29nbGUubWFwcy5wbGFjZXMudjEuUGxhY2VzLlNlYXJjaFRleHQQAhgEIAA,https://www.google.com/maps/search/?api=1&query=DESERT%20SPRING%20GARAGE%20DOOR%20REPAIR%20LLC%20Arizona,Basic website checks pass,https://desertspringgarage.com/,,https://www.angi.com/companylist/us/az/phoenix/garage-doors.htm,2026-07-22,phone-6026943212,Exact normalized business-name match,,,
13,13,Existing cockpit record · enriched in place,Parker & Sons,hvac contractor,Phoenix,AZ,'+16024249619,,Google Local Services,Confirmed paid,Google Local Services: Active lead-platform signal (Confirmed paid) | Google Local Services: Active lead-platform signal (Confirmed paid),,Lead recovery,"Google Local Services shows the company is already acquiring leads. Its basic website/Google presence is established, so qualify what happens when a paid call or form is missed.",Current Google profile matched,4.7,34252,https://www.google.com/maps/search/?api=1&query=Parker%20%26%20Sons&query_place_id=ChIJh9Zo0KoPK4cRzTwhKAxIE8s,https://www.google.com/maps/search/?api=1&query=Parker%20%26%20Sons&query_place_id=ChIJh9Zo0KoPK4cRzTwhKAxIE8s,Website listed · not audited,https://www.parkerandsons.com/,,https://www.google.com/search?q=plumber+phoenix+az | https://www.google.com/search?q=air+conditioning+repair+tucson+az,2026-07-21,place-ChIJh9Zo0KoPK4cRzTwhKAxIE8s,Exact phone/place/domain/name + service-area match,,,
14,14,Existing cockpit record · enriched in place,"Day & Night Air Conditioning, Heating, & Plumbing",hvac contractor,Phoenix,AZ,'+16025847758,glfjunky72@msn.com,Google Local Services,Confirmed paid,Google Local Services: Active lead-platform signal (Confirmed paid),,Lead recovery,"Google Local Services shows the company is already acquiring leads. Its basic website/Google presence is established, so qualify what happens when a paid call or form is missed.",Current Google profile matched,4.9,9652,https://www.google.com/maps/search/?api=1&query=Day%20%26%20Night%20Air%20Conditioning%2C%20Heating%2C%20%26%20Plumbing&query_place_id=ChIJmaAujXcNK4cRhAXQO7SXvGw,https://www.google.com/maps/search/?api=1&query=Day%20%26%20Night%20Air%20Conditioning%2C%20Heating%2C%20%26%20Plumbing&query_place_id=ChIJmaAujXcNK4cRhAXQO7SXvGw,Website listed · not audited,https://www.dayandnightair.com/,,https://www.google.com/search?q=plumber+phoenix+az,2026-07-21,place-ChIJmaAujXcNK4cRhAXQO7SXvGw,Exact phone/place/domain/name + service-area match,,,
15,15,Existing cockpit record · enriched in place,Goody Garage Doors,Garage door service,Mesa,AZ,(480) 409-7569,,Angi,Confirmed paid,Angi: Approved advertiser badge (Confirmed paid),Angi · 12 recent quote requests,Lead recovery,"Angi shows the company is already acquiring leads. Its basic website/Google presence is established, so qualify what happens when a paid call or form is missed.",Current Google profile matched,4.9,6176,https://maps.google.com/?cid=9145672913263740442&g_mp=Cidnb29nbGUubWFwcy5wbGFjZXMudjEuUGxhY2VzLlNlYXJjaFRleHQQAhgEIAA,https://www.google.com/maps/search/?api=1&query=Goody%20Garage%20Doors%20Arizona,Basic website checks pass,https://goodygaragedoors.com/,,https://www.angi.com/companylist/us/az/phoenix/garage-doors.htm,2026-07-22,phone-4804097569,Exact normalized business-name match,,,
16,16,Existing cockpit record · enriched in place,Green Mango Pest Control - Chandler,pest control,Chandler,AZ,'+14807178174,,Angi,Confirmed paid,Angi: Approved advertiser badge (Confirmed paid),,Lead recovery,"Angi shows the company is already acquiring leads. Its basic website/Google presence is established, so qualify what happens when a paid call or form is missed.",Current Google profile matched,4.8,4489,https://www.google.com/maps/search/?api=1&query=Green%20Mango%20Pest%20Control%20-%20Chandler&query_place_id=ChIJJ8WmUIOrK4cRHp9bql0CT98,https://www.google.com/maps/search/?api=1&query=Green%20Mango%20Pest%20Control%20Arizona,Website listed · not audited,https://greenmangopest.com/,,https://www.angi.com/companylist/us/az/phoenix/pest-control.htm,2026-07-22,place-ChIJJ8WmUIOrK4cRHp9bql0CT98,Reviewed cross-platform identity match,,,
17,17,Existing cockpit record · enriched in place,Al Coronado Plumbing,plumber,Tucson,AZ,'+15202785780,,Yelp,Confirmed paid,Yelp: Sponsored result (Confirmed paid),Yelp · response 10 mins,Lead recovery,"Yelp shows the company is already acquiring leads. Its basic website/Google presence is established, so qualify what happens when a paid call or form is missed.",Current Google profile matched,4.9,2798,https://www.google.com/maps/search/?api=1&query=Al%20Coronado%20Plumbing&query_place_id=ChIJYW170Ttx1oYRHf2_1f1OEQo,https://www.google.com/maps/search/?api=1&query=Al%20Coronado%20Plumbing&query_place_id=ChIJYW170Ttx1oYRHf2_1f1OEQo,Website listed · not audited,https://alcoronadoplumbing.com/tucson-emergency-plumber/,https://www.yelp.com/biz/al-coronado-plumbing-tucson,https://www.yelp.com/search?find_desc=Plumbers&find_loc=Tucson%2C%20AZ,2026-07-21,place-ChIJYW170Ttx1oYRHf2_1f1OEQo,Exact phone/place/domain/name + service-area match,,,
18,18,Existing cockpit record · enriched in place,Canyon State Service Experts,hvac contractor,Surprise,AZ,'+16028444104,,Google Search Ads,Confirmed paid,Google Search Ads: Active lead-platform signal (Confirmed paid),,Lead recovery,"Google Search Ads shows the company is already acquiring leads. Its basic website/Google presence is established, so qualify what happens when a paid call or form is missed.",Current Google profile matched,4.9,2500,https://www.google.com/maps/search/?api=1&query=Canyon%20State%20Service%20Experts&query_place_id=ChIJg6EoJUhbK4cRgyFn6sg-jI8,https://www.google.com/maps/search/?api=1&query=Canyon%20State%20Service%20Experts%20Surprise%20AZ,Website listed · not audited,https://www.serviceexperts.com/surprise-az/,,https://www.google.com/search?q=plumber+phoenix+az,2026-07-21,place-ChIJg6EoJUhbK4cRgyFn6sg-jI8,Reviewed cross-platform identity match,,,
19,19,Existing cockpit record · enriched in place,Arizona Pest Control,pest control,Tucson,AZ,'+15208867378,,Angi,Confirmed paid,Angi: Approved advertiser badge (Confirmed paid),Angi · 1 recent quote requests,Lead recovery,"Angi shows the company is already acquiring leads. Its basic website/Google presence is established, so qualify what happens when a paid call or form is missed.",Current Google profile matched,4.8,2444,https://www.google.com/maps/search/?api=1&query=Arizona%20Pest%20Control&query_place_id=ChIJ96_P46tv1oYR6hhfGp-MvLA,https://www.google.com/maps/search/?api=1&query=Arizona%20Pest%20Control%20Arizona,Website listed · not audited,https://www.azpest.com/,,https://www.angi.com/companylist/us/az/tucson/pest-control.htm,2026-07-22,place-ChIJ96_P46tv1oYR6hhfGp-MvLA,Exact phone/place/domain/name + service-area match,,,
20,20,Existing cockpit record · enriched in place,ASAP Plumbing,plumber,Tempe,AZ,'+14809331511,,Angi,Confirmed paid,Angi: Approved advertiser badge (Confirmed paid),Angi · response 50 mins · 104 recent quote requests,Lead recovery,"Angi shows the company is already acquiring leads. Its basic website/Google presence is established, so qualify what happens when a paid call or form is missed.",Current Google profile matched,4.7,2263,https://www.google.com/maps/search/?api=1&query=ASAP%20Plumbing&query_place_id=ChIJJxonw86pK4cRVg0jV5-sgOo,https://www.google.com/maps/search/?api=1&query=ASAP%20Plumbing%20Arizona,Website listed · not audited,https://asapplumbingaz.com/,,https://www.angi.com/companylist/us/az/casa-grande/plumbing.htm,2026-07-22,place-ChIJJxonw86pK4cRVg0jV5-sgOo,Exact normalized business-name match,,,
21,21,Existing cockpit record · enriched in place,Bulwark Exterminating,pest control,Mesa,AZ,'+14809697474,,Angi,Confirmed paid,Angi: Approved advertiser badge (Confirmed paid),,Lead recovery,"Angi shows the company is already acquiring leads. Its basic website/Google presence is established, so qualify what happens when a paid call or form is missed.",Current Google profile matched,4.9,2085,https://www.google.com/maps/search/?api=1&query=Bulwark%20Exterminating&query_place_id=ChIJLwiR5oGoK4cRo5-JJrfisO8,https://www.google.com/maps/search/?api=1&query=Bulwark%20Exterminating%2C%20LLC%20Arizona,Website listed · not audited,https://www.bulwarkpestcontrol.com/locations/mesa/?loc=mesa,,https://www.angi.com/companylist/us/az/tucson/pest-control.htm,2026-07-22,place-ChIJLwiR5oGoK4cRo5-JJrfisO8,Exact normalized business-name match,,,
22,22,Existing cockpit record · enriched in place,Reddi Services,plumber,Peoria,AZ,'+16027893910,,Angi,Confirmed paid,Angi: Approved advertiser badge (Confirmed paid),Angi · 1 recent quote requests,Lead recovery,"Angi shows the company is already acquiring leads. Its basic website/Google presence is established, so qualify what happens when a paid call or form is missed.",Current Google profile matched,4.9,1644,https://www.google.com/maps/search/?api=1&query=Reddi%20Services&query_place_id=ChIJDzqZK2wTK4cRlZMUQs3kPEA,https://www.google.com/maps/search/?api=1&query=Reddi%20Services%20Arizona,Website listed · not audited,https://www.reddiservices.com/,,https://www.angi.com/companylist/us/az/casa-grande/plumbing.htm,2026-07-22,place-ChIJDzqZK2wTK4cRlZMUQs3kPEA,Exact normalized business-name match,,,
23,23,Existing cockpit record · enriched in place,Lawson Family Plumbing Inc.,plumber,Gilbert,AZ,'+16024135790,,Yelp,Confirmed paid,Yelp: Sponsored result (Confirmed paid),Yelp · response 10 mins,Lead recovery,"Yelp shows the company is already acquiring leads. Its basic website/Google presence is established, so qualify what happens when a paid call or form is missed.",Current Google profile matched,4.8,1576,https://www.google.com/maps/search/?api=1&query=Lawson%20Family%20Plumbing%20Inc.&query_place_id=ChIJ7QC4ee6xK4cRMQUyA1V3coI,https://www.google.com/maps/search/?api=1&query=Lawson%20Family%20Plumbing%20Inc.&query_place_id=ChIJ7QC4ee6xK4cRMQUyA1V3coI,Website listed · not audited,https://lawsonfamilyplumbing.com/,https://www.yelp.com/biz/lawson-family-plumbing-gilbert-5,https://www.yelp.com/search?find_desc=Plumbers&find_loc=Phoenix%2C%20AZ,2026-07-21,place-ChIJ7QC4ee6xK4cRMQUyA1V3coI,Exact phone/place/domain/name + service-area match,,,
24,24,Existing cockpit record · enriched in place,Hansen Family Plumbing & Air,plumber,Mesa,AZ,'+16028054836,,Yelp,Confirmed paid,Yelp: Sponsored result (Confirmed paid),Yelp · response 10 mins,Lead recovery,"Yelp shows the company is already acquiring leads. Its basic website/Google presence is established, so qualify what happens when a paid call or form is missed.",Current Google profile matched,4.9,1427,https://www.google.com/maps/search/?api=1&query=Hansen%20Family%20Plumbing%20%26%20Air&query_place_id=ChIJbTe8jCkHK4cR70K7PKKg1u8,https://www.google.com/maps/search/?api=1&query=Hansen%20Family%20Plumbing%20%26%20Air&query_place_id=ChIJbTe8jCkHK4cR70K7PKKg1u8,Website listed · not audited,https://hansenfamilyplumbing.com/,https://www.yelp.com/biz/hansen-family-mesa-3,https://www.yelp.com/search?find_desc=Plumbers&find_loc=Phoenix%2C%20AZ,2026-07-21,place-ChIJbTe8jCkHK4cR70K7PKKg1u8,Reviewed business-name alias match,,,
25,25,Existing cockpit record · enriched in place,Desert Water Plumbing and Rooter,plumber,Peoria,AZ,'+16026412998,,Yelp,Confirmed paid,Yelp: Sponsored result (Confirmed paid),Yelp · response 10 mins,Lead recovery,"Yelp shows the company is already acquiring leads. Its basic website/Google presence is established, so qualify what happens when a paid call or form is missed.",Current Google profile matched,5,1148,https://www.google.com/maps/search/?api=1&query=Desert%20Water%20Plumbing%20and%20Rooter&query_place_id=ChIJVVXlGG-dLIcRqEyN_RegCXQ,https://www.google.com/maps/search/?api=1&query=Desert%20Water%20Plumbing%20and%20Rooter&query_place_id=ChIJVVXlGG-dLIcRqEyN_RegCXQ,Website listed · not audited,https://www.desertwateraz.com/near-me-plumber-peoria-az/,https://www.yelp.com/biz/desert-water-plumbing-and-rooter-peoria-2,https://www.yelp.com/search?find_desc=Plumbers&find_loc=Phoenix%2C%20AZ,2026-07-21,place-ChIJVVXlGG-dLIcRqEyN_RegCXQ,Exact phone/place/domain/name + service-area match,,,
26,26,Existing cockpit record · enriched in place,Dirt Busters House Cleaning,house cleaning,Peoria,AZ,'+15202314397,,Angi,Confirmed paid,Angi: Approved advertiser badge (Confirmed paid),Angi · 1 recent quote requests,Lead recovery,"Angi shows the company is already acquiring leads. Its basic website/Google presence is established, so qualify what happens when a paid call or form is missed.",Current Google profile matched,4.8,1141,https://www.google.com/maps/search/?api=1&query=Dirt%20Busters%20House%20Cleaning&query_place_id=ChIJf3jwYCZCK4cRulZ1sHqbQuo,https://www.google.com/maps/search/?api=1&query=Dirt%20Busters%20House%20Cleaning%20Arizona,Website listed · not audited,https://bookdirtbusters.com/,,https://www.angi.com/companylist/us/az/phoenix/house-cleaning.htm,2026-07-22,place-ChIJf3jwYCZCK4cRulZ1sHqbQuo,Exact normalized business-name match,,,
27,27,Existing cockpit record · enriched in place,Reimagine Roofing,Roofing contractor,Phoenix,AZ,'+1 480-900-7663,,Angi,Confirmed paid,Angi: Approved advertiser badge (Confirmed paid) | Angi: Approved advertiser badge (Confirmed paid),Angi · 309 recent quote requests | Angi · 304 recent quote requests,Lead recovery,"Angi shows the company is already acquiring leads. Its basic website/Google presence is established, so qualify what happens when a paid call or form is missed.",Current Google profile matched,4.8,853,"https://www.google.com/maps/place/Reimagine+Roofing/@33.474471,-111.719127,14z/data=!4m8!1m2!2m1!1sReimagine+Roofing!3m4!1s0x872ba502262b3735:0x6918ffeb779e5233!8m2!3d33.474471!4d-111.719127","https://www.google.com/maps/place/Reimagine+Roofing/@33.474471,-111.719127,14z/data=!4m8!1m2!2m1!1sReimagine+Roofing!3m4!1s0x872ba502262b3735:0x6918ffeb779e5233!8m2!3d33.474471!4d-111.719127",Live,https://www.reimagineroofing.com/,,https://www.angi.com/companylist/us/az/sierra-vista/roofing.htm | https://www.angi.com/companylist/us/az/casa-grande/roofing.htm,2026-07-22,phone-4809007663,Reviewed cross-platform identity match,,,
28,28,Existing cockpit record · enriched in place,Ambiance Pool Service,pool service,Tucson,AZ,'+15204259186,,Angi,Confirmed paid,Angi: Approved advertiser badge (Confirmed paid),Angi · response 1 day · rate 86%,Lead recovery,"Angi shows the company is already acquiring leads. Its basic website/Google presence is established, so qualify what happens when a paid call or form is missed.",Current Google profile matched,4.8,651,https://www.google.com/maps/search/?api=1&query=Ambiance%20Pool%20Service&query_place_id=ChIJ8bLTE8tz1oYRN7Sn9qRiuCo,https://www.google.com/maps/search/?api=1&query=Ambiance%20Pool%20Service%20and%20Supplies%20Arizona,Website listed · not audited,https://ambiancepoolservice.com/,,https://www.angi.com/companylist/us/az/tucson/pool-and-spa-service.htm,2026-07-22,place-ChIJ8bLTE8tz1oYRN7Sn9qRiuCo,Reviewed cross-platform identity match,,,
29,29,Existing cockpit record · enriched in place,Varsity Termite and Pest Control,pest control,Mesa,AZ,'+16027578252,,Angi,Confirmed paid,Angi: Approved advertiser badge (Confirmed paid),Angi · 10 recent quote requests,Lead recovery,"Angi shows the company is already acquiring leads. Its basic website/Google presence is established, so qualify what happens when a paid call or form is missed.",Current Google profile matched,4.9,565,https://www.google.com/maps/search/?api=1&query=Varsity%20Termite%20and%20Pest%20Control&query_place_id=ChIJ6TfE3k2uK4cR91P2i5GNZOk,https://www.google.com/maps/search/?api=1&query=Varsity%20Termite%20and%20Pest%20Control%20Arizona,Website listed · not audited,https://www.varsitytermiteandpestcontrol.com/,,https://www.angi.com/companylist/us/az/phoenix/pest-control.htm,2026-07-22,place-ChIJ6TfE3k2uK4cR91P2i5GNZOk,Exact normalized business-name match,,,
30,30,Existing cockpit record · enriched in place,Flush King Plumbing,plumber,Scottsdale,AZ,'+16026441950,info@flushkingplumbing.com,Yelp,Confirmed paid,Yelp: Sponsored result (Confirmed paid),Yelp · response 10 mins,Lead recovery,"Yelp shows the company is already acquiring leads. Its basic website/Google presence is established, so qualify what happens when a paid call or form is missed.",Current Google profile matched,4.8,472,https://www.google.com/maps/search/?api=1&query=Flush%20King%20Plumbing&query_place_id=ChIJ36aZWc4TK4cRbgJ-FyroXmo,https://www.google.com/maps/search/?api=1&query=Flush%20King%20Plumbing&query_place_id=ChIJ36aZWc4TK4cRbgJ-FyroXmo,Basic website checks pass,https://flushking.com/,https://www.yelp.com/biz/flush-king-plumbing-phoenix-3,https://www.yelp.com/search?find_desc=Plumbers&find_loc=Phoenix%2C%20AZ,2026-07-21,place-ChIJ36aZWc4TK4cRbgJ-FyroXmo,Exact normalized business-name match,,,
31,31,Existing cockpit record · enriched in place,Swiftly Garage Doors,Garage door service,Phoenix,AZ,(623) 216-7185,justin@garagedoorinfospot.com,Angi,Confirmed paid,Angi: Approved advertiser badge (Confirmed paid),Angi · response 8 hrs · 13 recent quote requests,Lead recovery,"Angi shows the company is already acquiring leads. Its basic website/Google presence is established, so qualify what happens when a paid call or form is missed.",Current Google profile matched,4.9,407,https://maps.google.com/?cid=5077193035886361185&g_mp=Cidnb29nbGUubWFwcy5wbGFjZXMudjEuUGxhY2VzLlNlYXJjaFRleHQQAhgEIAA,https://www.google.com/maps/search/?api=1&query=Swiftly%20Garage%20Doors%20Arizona,Basic website checks pass,https://swiftlygaragedoors.com/,,https://www.angi.com/companylist/us/az/phoenix/garage-doors.htm,2026-07-22,phone-6232167185,Exact phone/place/domain/name + service-area match,,,
32,32,Existing cockpit record · enriched in place,GOGO Garage Door Service,Garage door service,Apache Junction,AZ,(480) 779-7774,office@gogogarageservice.com,Angi,Confirmed paid,Angi: Approved advertiser badge (Confirmed paid),Angi · response 30 mins · 13 recent quote requests,Lead recovery,"Angi shows the company is already acquiring leads. Its basic website/Google presence is established, so qualify what happens when a paid call or form is missed.",Current Google profile matched,5,321,https://maps.google.com/?cid=3993175692697339496&g_mp=Cidnb29nbGUubWFwcy5wbGFjZXMudjEuUGxhY2VzLlNlYXJjaFRleHQQAhgEIAA,https://www.google.com/maps/search/?api=1&query=GoGo%20Garage%20Door%20Service%20LLC%20Arizona,Basic website checks pass,https://gogogarageservice.com/,,https://www.angi.com/companylist/us/az/phoenix/garage-doors.htm,2026-07-22,phone-4807797774,Exact normalized business-name match,,,
33,33,Existing cockpit record · enriched in place,Jorge's Plumbing LLC,plumber,Yuma,AZ,'+19283236418,,Angi,Confirmed paid,Angi: Approved advertiser badge (Confirmed paid),Angi · 6 recent quote requests,Lead recovery,"Angi shows the company is already acquiring leads. Its basic website/Google presence is established, so qualify what happens when a paid call or form is missed.",Current Google profile matched,4.9,271,https://www.google.com/maps/search/?api=1&query=Jorge's%20Plumbing%20LLC&query_place_id=ChIJDTxb4V5f1oARSpxsdIbCWtw,https://www.google.com/maps/search/?api=1&query=JORGE'S%20PLUMBING%20LLC%20Arizona,Website listed · not audited,https://www.jorgesplumbing.com/,,https://www.angi.com/companylist/us/az/yuma/plumbing.htm,2026-07-22,place-ChIJDTxb4V5f1oARSpxsdIbCWtw,Exact phone/place/domain/name + service-area match,,,
34,34,Existing cockpit record · enriched in place,West Plumbing LLC,plumber,Chandler,AZ,'+16028202531,,Angi,Confirmed paid,Angi: Approved advertiser badge (Confirmed paid),Angi · response 11 hrs · 2 recent quote requests,Lead recovery,"Angi shows the company is already acquiring leads. Its basic website/Google presence is established, so qualify what happens when a paid call or form is missed.",Current Google profile matched,4.8,247,https://www.google.com/maps/search/?api=1&query=West%20Plumbing%20LLC&query_place_id=ChIJVVVVVUEHK4cR7Y45OnL-U2k,https://www.google.com/maps/search/?api=1&query=West%20Plumbing%2C%20LLC%20Arizona,Website listed · not audited,https://www.westplumbingllc.com/,,https://www.angi.com/companylist/us/az/casa-grande/plumbing.htm,2026-07-22,place-ChIJVVVVVUEHK4cR7Y45OnL-U2k,Exact normalized business-name match,,,
35,35,Existing cockpit record · enriched in place,Expert Garage Door Service,Garage door service,Scottsdale,AZ,(602) 888-3639,,Angi,Confirmed paid,Angi: Approved advertiser badge (Confirmed paid),Angi · 10 recent quote requests,Lead recovery,"Angi shows the company is already acquiring leads. Its basic website/Google presence is established, so qualify what happens when a paid call or form is missed.",Current Google profile matched,5,212,https://maps.google.com/?cid=4628554263373915874&g_mp=Cidnb29nbGUubWFwcy5wbGFjZXMudjEuUGxhY2VzLlNlYXJjaFRleHQQAhgEIAA,https://www.google.com/maps/search/?api=1&query=EXPERT%20GARAGE%20DOOR%20SERVICE%20LLC%20Arizona,Basic website checks pass,https://expertgaragerepair.com/,,https://www.angi.com/companylist/us/az/phoenix/garage-doors.htm,2026-07-22,phone-6028883639,Exact normalized business-name match,,,
36,36,Existing cockpit record · enriched in place,Campbell's A/C,hvac contractor,Flagstaff,AZ,'+19283263709,,Angi,Confirmed paid,Angi: Approved advertiser badge (Confirmed paid),Angi · response 2 days · 22 recent quote requests,Lead recovery,"Angi shows the company is already acquiring leads. Its basic website/Google presence is established, so qualify what happens when a paid call or form is missed.",Current Google profile matched,4.8,190,https://www.google.com/maps/search/?api=1&query=Campbell's%20A%2FC&query_place_id=ChIJoYTFcO6RxKcRBfLjT2famoA,https://www.google.com/maps/search/?api=1&query=Campbell's%20A%2FC%2C%20LLC%20Arizona,Website listed · not audited,https://campbellsheatingandcooling.com/,,https://www.angi.com/companylist/us/az/flagstaff/hvac.htm,2026-07-22,place-ChIJoYTFcO6RxKcRBfLjT2famoA,Exact normalized business-name match,,,
37,37,Existing cockpit record · enriched in place,Aqua Spa and Pool Llc,Pool service,Scottsdale,AZ,(480) 515-9150,,Angi,Confirmed paid,Angi: Approved advertiser badge (Confirmed paid),,Lead recovery,"Angi shows the company is already acquiring leads. Its basic website/Google presence is established, so qualify what happens when a paid call or form is missed.",Current Google profile matched,4.8,176,https://maps.google.com/?cid=8209279246287010967&g_mp=Cidnb29nbGUubWFwcy5wbGFjZXMudjEuUGxhY2VzLlNlYXJjaFRleHQQAhgEIAA,https://www.google.com/maps/search/?api=1&query=Aqua%20Spa%20and%20Pool%2C%20LLC%20Arizona,Basic website checks pass,http://azaquaspa.com/,,https://www.angi.com/companylist/us/az/phoenix/pool-and-spa-service.htm,2026-07-22,phone-4805159150,Exact normalized business-name match,,,
38,38,Existing cockpit record · enriched in place,American Plumbing and Rooter,plumber,Chandler,AZ,'+14808885213,,Yelp,Confirmed paid,Yelp: Sponsored result (Confirmed paid),Yelp · response 10 mins,Lead recovery,"Yelp shows the company is already acquiring leads. Its basic website/Google presence is established, so qualify what happens when a paid call or form is missed.",Current Google profile matched,4.9,151,https://www.google.com/maps/search/?api=1&query=American%20Plumbing%20and%20Rooter&query_place_id=ChIJi4LUWimoK4cRnqNZvQMV7us,https://www.google.com/maps/search/?api=1&query=American%20Plumbing%20and%20Rooter&query_place_id=ChIJi4LUWimoK4cRnqNZvQMV7us,Website listed · not audited,https://americanplumbingaz.com/,https://www.yelp.com/biz/american-plumbing-and-rooter-chandler,https://www.yelp.com/search?find_desc=Plumbers&find_loc=Phoenix%2C%20AZ,2026-07-21,place-ChIJi4LUWimoK4cRnqNZvQMV7us,Exact phone/place/domain/name + service-area match,,,
39,39,Existing cockpit record · enriched in place,Sandy Bottom Pool Service & Repair,pool service,Phoenix,AZ,'+16233498210,,Angi,Confirmed paid,Angi: Approved advertiser badge (Confirmed paid),Angi · response 1 day · rate 93% · 5 recent quote requests,Lead recovery,"Angi shows the company is already acquiring leads. Its basic website/Google presence is established, so qualify what happens when a paid call or form is missed.",Current Google profile matched,4.9,70,https://www.google.com/maps/search/?api=1&query=Sandy%20Bottom%20Pool%20Service%20%26%20Repair&query_place_id=ChIJERKIncGHfCIRw1gv3mVjfMQ,https://www.google.com/maps/search/?api=1&query=Sandy%20Bottom%20Pools%20LLC%20Arizona,Basic website checks pass,https://www.sandybottompools.com/,,https://www.angi.com/companylist/us/az/phoenix/pool-and-spa-service.htm,2026-07-22,place-ChIJERKIncGHfCIRw1gv3mVjfMQ,Reviewed cross-platform identity match,,,
40,40,Existing cockpit record · enriched in place,"All Terrain Landscape Creations, Inc.",landscaper,Tucson,AZ,'+15207216631,,Angi,Confirmed paid,Angi: Approved advertiser badge (Confirmed paid),Angi · 1 recent quote requests,Lead recovery,"Angi shows the company is already acquiring leads. Its basic website/Google presence is established, so qualify what happens when a paid call or form is missed.",Current Google profile matched,4.3,68,https://www.google.com/maps/search/?api=1&query=All%20Terrain%20Landscape%20Creations%2C%20Inc.&query_place_id=ChIJZ32dK-Vx1oYRWkGl6HFCCTY,https://www.google.com/maps/search/?api=1&query=All%20Terrain%20Landscape%20Creations%20Inc%20Arizona,Website listed · not audited,https://www.allterraintucson.com/,,https://www.angi.com/companylist/us/az/tucson/landscaping.htm,2026-07-22,place-ChIJZ32dK-Vx1oYRWkGl6HFCCTY,Exact phone/place/domain/name + service-area match,,,
41,41,Existing cockpit record · enriched in place,Goettl Air Conditioning and Plumbing - Phoenix AZ,HVAC contractor,Phoenix,AZ,'+1 602-517-0039,enriquem@arsawardsandgifts.com,Angi,Confirmed paid,Angi: Approved advertiser badge (Confirmed paid) | Angi: Approved advertiser badge (Confirmed paid),Angi · 287 recent quote requests | Angi · 60 recent quote requests,Lead recovery,"Angi shows paid lead activity and this signal was joined to an existing cockpit contact. The direct Google profile link still needs a recheck, so lead with missed paid calls rather than a Google claim.",Google rating in lead data · profile link needs recheck,4.7,14206,,https://www.google.com/maps/search/?api=1&query=Goettl%20Air%20Conditioning%20%26%20Plumbing%20Arizona,Website listed · not live-audited,https://www.goettl.com/location/phoenix-arizona/,,https://www.angi.com/companylist/us/az/casa-grande/hvac.htm | https://www.angi.com/companylist/us/az/casa-grande/plumbing.htm,2026-07-22,phone-6025170039,Reviewed cross-platform identity match,,,
42,42,Existing cockpit record · enriched in place,A1 Garage Door Service,Garage door supplier,Phoenix,AZ,'+1 602-563-6467,acronenberg@a1garage.com,Angi,Confirmed paid,Angi: Approved advertiser badge (Confirmed paid),Angi · 18 recent quote requests,Lead recovery,"Angi shows paid lead activity and this signal was joined to an existing cockpit contact. The direct Google profile link still needs a recheck, so lead with missed paid calls rather than a Google claim.",Google rating in lead data · profile link needs recheck,4.8,13120,,https://www.google.com/maps/search/?api=1&query=A1%20Garage%20Door%20Service%2C%20LLC%20Arizona,Website listed · not live-audited,https://a1garage.com/arizona-garage-door-repair-installation-near-you/,,https://www.angi.com/companylist/us/az/tucson/garage-doors.htm,2026-07-22,phone-6025636467,Exact normalized business-name match,,,
43,43,Existing cockpit record · enriched in place,George Brazil Plumbing & Electrical,Plumber,Phoenix,AZ,'+1 602-529-3749,dgonzalezcsr@att.net,Angi,Confirmed paid,Angi: Approved advertiser badge (Confirmed paid),Angi · response 4 days · 10 recent quote requests,Lead recovery,"Angi shows paid lead activity and this signal was joined to an existing cockpit contact. The direct Google profile link still needs a recheck, so lead with missed paid calls rather than a Google claim.",Google rating in lead data · profile link needs recheck,4.7,3049,,https://www.google.com/maps/search/?api=1&query=George%20Brazil%20Electric%20Arizona,Website listed · not live-audited,https://georgebrazilplumbingelectrical.com/,,https://www.angi.com/companylist/us/az/casa-grande/electrical.htm,2026-07-22,phone-6025293749,Reviewed cross-platform identity match,,,
44,44,Existing cockpit record · enriched in place,Jacuzzi Bath Remodel of Arizona,Bathroom remodeler,Phoenix,AZ,'+1 928-460-8115,astevens@azbaths.com,Angi,Confirmed paid,Angi: Approved advertiser badge (Confirmed paid) | Angi: Approved advertiser badge (Confirmed paid),Angi · 51 recent quote requests | Angi · 48 recent quote requests,Lead recovery,"Angi shows paid lead activity and this signal was joined to an existing cockpit contact. The direct Google profile link still needs a recheck, so lead with missed paid calls rather than a Google claim.",Google rating in lead data · profile link needs recheck,4.6,1605,,https://www.google.com/maps/search/?api=1&query=Jacuzzi%20Bath%20Remodel%20Arizona%20Arizona,Website listed · not live-audited,https://azbaths.com/,,https://www.angi.com/companylist/us/az/tucson/kitchen-and-bath-remodeling.htm | https://www.angi.com/companylist/us/az/sierra-vista/plumbing.htm,2026-07-22,phone-9284608115,Reviewed cross-platform identity match,,,
45,45,Existing cockpit record · enriched in place,Mr. Electric of Phoenix Metro,Electrician,Phoenix,AZ,'+1 480-582-1249,,Angi,Confirmed paid,Angi: Approved advertiser badge (Confirmed paid) | Angi: Approved advertiser badge (Confirmed paid),Angi · 1 recent quote requests | Angi · 1 recent quote requests,Lead recovery,"Angi shows paid lead activity and this signal was joined to an existing cockpit contact. The direct Google profile link still needs a recheck, so lead with missed paid calls rather than a Google claim.",Google rating in lead data · profile link needs recheck,4.9,1265,,https://www.google.com/maps/search/?api=1&query=Mr.%20Electric%20of%20Phoenix%20Metro%20Arizona,Website listed · not live-audited,https://mrelectric.com/phoenix-metro/?cid=LSTL_MRE000196,,https://www.angi.com/companylist/us/az/phoenix/electrical.htm | https://www.angi.com/companylist/us/az/casa-grande/electrical.htm,2026-07-22,phone-4805821249,Exact phone/place/domain/name + service-area match,,,
46,46,Existing cockpit record · enriched in place,All About Roofing LLC,Roofing contractor,Surprise,AZ,'+1 602-500-0652,,Angi,Confirmed paid,Angi: Approved advertiser badge (Confirmed paid) | Angi: Approved advertiser badge (Confirmed paid),Angi · response 9 hrs · 40 recent quote requests | Angi · response 9 hrs · 40 recent quote requests,Lead recovery,"Angi shows paid lead activity and this signal was joined to an existing cockpit contact. The direct Google profile link still needs a recheck, so lead with missed paid calls rather than a Google claim.",Google rating in lead data · profile link needs recheck,4.8,1027,,https://www.google.com/maps/search/?api=1&query=All%20About%20Roofing%2C%20LLC%20Arizona,Website listed · not live-audited,https://allaboutroofing.com/,,https://www.angi.com/companylist/us/az/phoenix/roofing.htm | https://www.angi.com/companylist/us/az/prescott/roofing.htm,2026-07-22,phone-6025000652,Exact normalized business-name match,,,
47,47,Existing cockpit record · enriched in place,Turn It On Electric,Electrician,Phoenix,AZ,'+1 602-313-3460,,Angi,Confirmed paid,Angi: Approved advertiser badge (Confirmed paid) | Angi: Approved advertiser badge (Confirmed paid),Angi · 26 recent quote requests | Angi · 26 recent quote requests,Lead recovery,"Angi shows paid lead activity and this signal was joined to an existing cockpit contact. The direct Google profile link still needs a recheck, so lead with missed paid calls rather than a Google claim.",Google rating in lead data · profile link needs recheck,4.6,480,,https://www.google.com/maps/search/?api=1&query=Turn%20It%20On%20Electric%20Arizona,Website listed · not live-audited,https://turnitonelectric.com/,,https://www.angi.com/companylist/us/az/phoenix/electrical.htm | https://www.angi.com/companylist/us/az/casa-grande/electrical.htm,2026-07-22,phone-6023133460,Exact phone/place/domain/name + service-area match,,,
48,48,Existing cockpit record · enriched in place,Bolt Electric,Electrician,Chandler,AZ,'+1 602-566-9503,,Angi,Confirmed paid,Angi: Approved advertiser badge (Confirmed paid),Angi · 4 recent quote requests,Lead recovery,"Angi shows paid lead activity and this signal was joined to an existing cockpit contact. The direct Google profile link still needs a recheck, so lead with missed paid calls rather than a Google claim.",Google rating in lead data · profile link needs recheck,4.9,435,,https://www.google.com/maps/search/?api=1&query=Bolt%20Electric%20Arizona,Website listed · not live-audited,http://www.boltelectricaz.com/,,https://www.angi.com/companylist/us/az/phoenix/electrical.htm,2026-07-22,phone-6025669503,Exact normalized business-name match,,,
49,49,Existing cockpit record · enriched in place,Frontline Consultants & Contracting LLC Roofing,Roofing contractor,Peoria,AZ,'+1 928-252-6055,,Angi,Confirmed paid,Angi: Approved advertiser badge (Confirmed paid),Angi · response 1 day · 3 recent quote requests,Lead recovery,"Angi shows paid lead activity and this signal was joined to an existing cockpit contact. The direct Google profile link still needs a recheck, so lead with missed paid calls rather than a Google claim.",Google rating in lead data · profile link needs recheck,4.6,236,,https://www.google.com/maps/search/?api=1&query=Frontline%20Consultants%20and%20Contracting%2C%20LLC%20Arizona,Website listed · not live-audited,https://www.frontlineconsultantsllc.com/,,https://www.angi.com/companylist/us/az/prescott/roofing.htm,2026-07-22,phone-9282526055,Reviewed cross-platform identity match,,,
50,50,Existing cockpit record · enriched in place,Pink Plumbing and Sewer,Plumber,Phoenix,AZ,'+1 602-562-5290,pinkplumbingandsewer@gmail.com,Yelp,Confirmed paid,Yelp: Sponsored result (Confirmed paid),Yelp · response 20 mins,Lead recovery,"Yelp shows paid lead activity and this signal was joined to an existing cockpit contact. The direct Google profile link still needs a recheck, so lead with missed paid calls rather than a Google claim.",Google rating in lead data · profile link needs recheck,4.9,205,,https://www.google.com/search?q=Pink%20Plumbing%20and%20Sewer%20Phoenix%20AZ%20%2B1%20602-562-5290,Website listed · not live-audited,http://www.pinkplumbingandsewer.com/,https://www.yelp.com/biz/pink-plumbing-and-sewer-phoenix-7,https://www.yelp.com/search?find_desc=Plumbers&find_loc=Phoenix%2C%20AZ,2026-07-21,phone-6025625290,Exact phone/place/domain/name + service-area match,,,
51,51,Existing cockpit record · enriched in place,Sun Devil Heating and Cooling,Air conditioning contractor,Phoenix,AZ,'+1 602-466-1932,jason@sundevilaz.com,Angi,Confirmed paid,Angi: Approved advertiser badge (Confirmed paid),Angi · 68 recent quote requests,Lead recovery,"Angi shows paid lead activity and this signal was joined to an existing cockpit contact. The direct Google profile link still needs a recheck, so lead with missed paid calls rather than a Google claim.",Google rating in lead data · profile link needs recheck,4.8,200,,https://www.google.com/maps/search/?api=1&query=Sun%20Devil%20Heating%20and%20Cooling%2C%20Inc%20Arizona,Website linked on Angi profile · live state not audited,http://www.sundevilaz.com/,https://www.angi.com/companylist/us/az/peoria/sun-devil-heating-and-cooling%2C-inc-reviews-9033414.htm,https://www.angi.com/companylist/us/az/phoenix/hvac.htm,2026-07-22,phone-6024661932,Exact phone/place/domain/name + service-area match,,,
52,52,Existing cockpit record · enriched in place,Spencer 4 Hire Roofing LLC,Roofing contractor,Phoenix,AZ,'+1 480-446-7663,brandons@spencer4hireroofing.com,Angi,Confirmed paid,Angi: Approved advertiser badge (Confirmed paid) | Angi: Approved advertiser badge (Confirmed paid),Angi · 4 recent quote requests | Angi · 4 recent quote requests,Lead recovery,"Angi shows paid lead activity and this signal was joined to an existing cockpit contact. The direct Google profile link still needs a recheck, so lead with missed paid calls rather than a Google claim.",Google rating in lead data · profile link needs recheck,5,189,,https://www.google.com/maps/search/?api=1&query=Spencer%204%20Hire%20Roofing%20LLC%20Arizona,Website listed · not live-audited,https://spencer4hireroofing.com/,,https://www.angi.com/companylist/us/az/phoenix/roofing.htm | https://www.angi.com/companylist/us/az/casa-grande/roofing.htm,2026-07-22,phone-4804467663,Exact phone/place/domain/name + service-area match,,,
53,53,Existing cockpit record · enriched in place,Rich Electrical Services LLC,Electrician,Phoenix,AZ,'+1 623-760-5882,srichardson2@rocketmail.com,Angi,Confirmed paid,Angi: Approved advertiser badge (Confirmed paid),Angi · response 12 hrs,Lead recovery,"Angi shows paid lead activity and this signal was joined to an existing cockpit contact. The direct Google profile link still needs a recheck, so lead with missed paid calls rather than a Google claim.",Google rating in lead data · profile link needs recheck,4.9,183,,https://www.google.com/maps/search/?api=1&query=Rich%20Electrical%20Services%2C%20LLC%20Arizona,Website listed · not live-audited,https://richelectricalservices.com/,,https://www.angi.com/companylist/us/az/prescott/electrical.htm,2026-07-22,phone-6237605882,Exact normalized business-name match,,,
54,54,Existing cockpit record · enriched in place,Static Sun Electric & Solar,Electrician,Chandler,AZ,'+1 602-739-7498,,Angi,Confirmed paid,Angi: Approved advertiser badge (Confirmed paid),Angi · response 1 day · 7 recent quote requests,Lead recovery,"Angi shows paid lead activity and this signal was joined to an existing cockpit contact. The direct Google profile link still needs a recheck, so lead with missed paid calls rather than a Google claim.",Google rating in lead data · profile link needs recheck,5,179,,https://www.google.com/maps/search/?api=1&query=Static%20Sun%20Electric%20and%20Solar%2C%20LLC%20Arizona,Website listed · not live-audited,https://www.staticsunelectric.com/,,https://www.angi.com/companylist/us/az/flagstaff/electrical.htm,2026-07-22,phone-6027397498,Exact normalized business-name match,,,
55,55,Existing cockpit record · enriched in place,Al's Plumbing LLC,Plumber,Buckeye,AZ,'+1 623-329-5170,,Angi,Confirmed paid,Angi: Approved advertiser badge (Confirmed paid) | Angi: Approved advertiser badge (Confirmed paid),Angi · 156 recent quote requests | Angi · 156 recent quote requests,Lead recovery,"Angi shows paid lead activity and this signal was joined to an existing cockpit contact. The direct Google profile link still needs a recheck, so lead with missed paid calls rather than a Google claim.",Google rating in lead data · profile link needs recheck,4.7,99,,https://www.google.com/maps/search/?api=1&query=Al's%20Plumbing%20LLC%20Arizona,Website linked on Angi profile · live state not audited,http://www.alsplumbingllc.com/,https://www.angi.com/companylist/us/az/goodyear/al%27s-plumbing-llc-reviews-2355521.htm,https://www.angi.com/companylist/us/az/phoenix/plumbing.htm | https://www.angi.com/companylist/us/az/casa-grande/plumbing.htm,2026-07-22,phone-6233295170,Exact phone/place/domain/name + service-area match,,,
56,56,Existing cockpit record · enriched in place,Legacy Roofing,Roofing contractor,Anthem,AZ,'+1 623-209-6696,toby.e@legacyroofingnow.com,Angi,Confirmed paid,Angi: Approved advertiser badge (Confirmed paid) | Angi: Approved advertiser badge (Confirmed paid),Angi · 45 recent quote requests | Angi · 42 recent quote requests,Lead recovery,"Angi shows paid lead activity and this signal was joined to an existing cockpit contact. The direct Google profile link still needs a recheck, so lead with missed paid calls rather than a Google claim.",Google rating in lead data · profile link needs recheck,4.9,93,,https://www.google.com/maps/search/?api=1&query=Legacy%20Roofing%20--%20Prescott%20Arizona,Website listed · not live-audited,https://legacyroofingnow.com/anthem/,,https://www.angi.com/companylist/us/az/flagstaff/roofing.htm | https://www.angi.com/companylist/us/az/prescott/roofing.htm,2026-07-22,phone-6232096696,Reviewed cross-platform identity match,,,
57,57,Existing cockpit record · enriched in place,Erie Home Roofing,Roofing contractor,Phoenix,AZ,'+1 480-712-5013,sue@signaturemortgage.net,Angi,Confirmed paid,Angi: Approved advertiser badge (Confirmed paid),Angi · 31 recent quote requests,Lead recovery,"Angi shows paid lead activity and this signal was joined to an existing cockpit contact. The direct Google profile link still needs a recheck, so lead with missed paid calls rather than a Google claim.",Google rating in lead data · profile link needs recheck,4.2,74,,https://www.google.com/maps/search/?api=1&query=Erie%20Home%20Arizona,Website listed · not live-audited,https://eriehome.com/locations/roofing/phoenix-az/,,https://www.angi.com/companylist/us/az/lake-havasu-city/roofing.htm,2026-07-22,phone-4807125013,Reviewed cross-platform identity match,,,
58,58,Existing cockpit record · enriched in place,Cobra Rooter & Plumbing,Plumber,Phoenix,AZ,'+1 480-897-9211,eben@eyebytes.com,Angi,Confirmed paid,Angi: Approved advertiser badge (Confirmed paid),,Lead recovery,"Angi shows paid lead activity and this signal was joined to an existing cockpit contact. The direct Google profile link still needs a recheck, so lead with missed paid calls rather than a Google claim.",Google rating in lead data · profile link needs recheck,4.6,55,,https://www.google.com/maps/search/?api=1&query=Cobra%20Rooter%20%26%20Plumbing%20Service%20Arizona,Website linked on Angi profile · live state not audited,http://cobrarooter.com/,https://www.angi.com/companylist/us/az/phoenix/cobra-rooter-and-plumbing-service-reviews-328521.htm,https://www.angi.com/companylist/us/az/phoenix/plumbing.htm,2026-07-22,phone-4808979211,Reviewed cross-platform identity match,,,
59,59,Existing cockpit record · enriched in place,Top Notch Roofing LLC,Roofing contractor,Phoenix,AZ,'+1 602-516-9419,,Angi,Confirmed paid,Angi: Approved advertiser badge (Confirmed paid),Angi · response 10 hrs · 2 recent quote requests,Lead recovery,"Angi shows paid lead activity and this signal was joined to an existing cockpit contact. The direct Google profile link still needs a recheck, so lead with missed paid calls rather than a Google claim.",Google rating in lead data · profile link needs recheck,4.1,49,,https://www.google.com/maps/search/?api=1&query=Top%20Notch%20Roofing%20%26%20Home%20Improvements%20LLC%20Arizona,Website listed · not live-audited,http://www.topnotchroofing.webflow.io/,,https://www.angi.com/companylist/us/az/phoenix/roofing.htm,2026-07-22,phone-6025169419,Reviewed cross-platform identity match,,,
60,60,Existing cockpit record · enriched in place,Lawrence Electric Diversified Services,Electrician,Casa Grande,AZ,'+1 623-341-1817,,Angi,Confirmed paid,Angi: Approved advertiser badge (Confirmed paid),Angi · response 8 hrs · 4 recent quote requests,Lead recovery,"Angi shows paid lead activity and this signal was joined to an existing cockpit contact. The direct Google profile link still needs a recheck, so lead with missed paid calls rather than a Google claim.",Google rating in lead data · profile link needs recheck,5,48,,https://www.google.com/maps/search/?api=1&query=Lawrence%20Electric%20Diversified%20Services%2C%20LLC%20Arizona,No website in source · manual check required,,,https://www.angi.com/companylist/us/az/casa-grande/electrical.htm,2026-07-22,phone-6233411817,Exact normalized business-name match,,,
61,61,Existing cockpit record · enriched in place,AZ Grand Roofing & Painting,Roofing contractor,Phoenix,AZ,'+1 480-326-3155,info@azroofingandpainting.com,Angi,Confirmed paid,Angi: Approved advertiser badge (Confirmed paid),Angi · 3 recent quote requests,Lead recovery,"Angi shows paid lead activity and this signal was joined to an existing cockpit contact. The direct Google profile link still needs a recheck, so lead with missed paid calls rather than a Google claim.",Google rating in lead data · profile link needs recheck,4.9,37,,https://www.google.com/maps/search/?api=1&query=AZ%20Grand%20roofing%20and%20painting%20Arizona,Website listed · not live-audited,https://azroofingandpainting.com/,,https://www.angi.com/companylist/us/az/phoenix/painting.htm,2026-07-22,phone-4803263155,Exact normalized business-name match,,,
62,62,Existing cockpit record · enriched in place,Arizona Painting Company,Painter,Cave Creek,AZ,'+1 480-359-3822,joe@arizonapaintingcompany.com,Angi,Confirmed paid,Angi: Approved advertiser badge (Confirmed paid) | Angi: Approved advertiser badge (Confirmed paid),Angi · 5 recent quote requests | Angi · response 9 hrs · rate 100% · 5 recent quote requests,Lead recovery,"Angi shows paid lead activity and this signal was joined to an existing cockpit contact. The direct Google profile link still needs a recheck, so lead with missed paid calls rather than a Google claim.",Google rating in lead data · profile link needs recheck,5,30,,https://www.google.com/maps/search/?api=1&query=Arizona%20Painting%20Company%20Arizona,Website listed · not live-audited,https://arizonapaintingcompany.com/,,https://www.angi.com/companylist/us/az/phoenix/painting.htm | https://www.angi.com/companylist/us/az/tucson/painting.htm,2026-07-22,phone-4803593822,Exact normalized business-name match,,,
63,63,Existing cockpit record · enriched in place,Drainiology,Plumber,Phoenix,AZ,'+1 480-256-9226,info@drainiology.com,Angi,Confirmed paid,Angi: Approved advertiser badge (Confirmed paid),Angi · response 8 hrs · 30 recent quote requests,Lead recovery,"Angi shows paid lead activity and this signal was joined to an existing cockpit contact. The direct Google profile link still needs a recheck, so lead with missed paid calls rather than a Google claim.",Google rating in lead data · profile link needs recheck,5,29,,https://www.google.com/maps/search/?api=1&query=Drainiology%20Arizona,Website listed · not live-audited,https://www.drainiology.com/,,https://www.angi.com/companylist/us/az/casa-grande/plumbing.htm,2026-07-22,phone-4802569226,Exact normalized business-name match,,,
64,64,Existing cockpit record · enriched in place,R and R Painting Arizona LLC,Painting,Phoenix,AZ,'+1 602-540-7531,,Angi,Confirmed paid,Angi: Approved advertiser badge (Confirmed paid),Angi · 2 recent quote requests,Lead recovery,"Angi shows paid lead activity and this signal was joined to an existing cockpit contact. The direct Google profile link still needs a recheck, so lead with missed paid calls rather than a Google claim.",Google rating in lead data · profile link needs recheck,4.9,27,,https://www.google.com/maps/search/?api=1&query=R%20and%20R%20Painting%20AZ%20Arizona,Website listed · not live-audited,https://randrpaintingaz.com/,,https://www.angi.com/companylist/us/az/phoenix/painting.htm,2026-07-22,phone-6025407531,Reviewed cross-platform identity match,,,
65,65,Existing cockpit record · enriched in place,Denix Construction LLC,General contractor,Phoenix,AZ,'+1 602-674-5900,denixconstruction@gmail.com,Angi,Confirmed paid,Angi: Approved advertiser badge (Confirmed paid),Angi · 3 recent quote requests,Lead recovery,"Angi shows paid lead activity and this signal was joined to an existing cockpit contact. The direct Google profile link still needs a recheck, so lead with missed paid calls rather than a Google claim.",Google rating in lead data · profile link needs recheck,4.5,22,,https://www.google.com/maps/search/?api=1&query=Denix%20Construction%20LLC%20Arizona,Website listed · not live-audited,https://www.denixconstruction.com/,,https://www.angi.com/companylist/us/az/phoenix/contractor.htm,2026-07-22,phone-6026745900,Exact normalized business-name match,,,
66,66,Existing cockpit record · enriched in place,"D&M Construction, Electrical, & Plumbing",Construction company,Buckeye,AZ,'+1 602-739-1539,,Angi,Confirmed paid,Angi: Approved advertiser badge (Confirmed paid),Angi · 3 recent quote requests,Lead recovery,"Angi shows paid lead activity and this signal was joined to an existing cockpit contact. The direct Google profile link still needs a recheck, so lead with missed paid calls rather than a Google claim.",Google rating in lead data · profile link needs recheck,4.9,11,,https://www.google.com/maps/search/?api=1&query=D%26M%20Electrical%20and%20Plumbing%20Arizona,Website listed · not live-audited,https://www.dm-construction-llc.com/,,https://www.angi.com/companylist/us/az/casa-grande/plumbing.htm,2026-07-22,phone-6027391539,Reviewed cross-platform identity match,,,
67,67,Existing cockpit record · enriched in place,VR Electrical Services LLC,Electrical installation service,Phoenix,AZ,'+1 602-369-0457,vrelectricalservices9@gmail.com,Angi,Confirmed paid,Angi: Approved advertiser badge (Confirmed paid),Angi · response 5 hrs · 6 recent quote requests,Lead recovery,"Angi shows paid lead activity and this signal was joined to an existing cockpit contact. The direct Google profile link still needs a recheck, so lead with missed paid calls rather than a Google claim.",Google rating in lead data · profile link needs recheck,4.7,10,,https://www.google.com/maps/search/?api=1&query=VR%20Electrical%20Services%2C%20LLC%20Arizona,Website listed · not live-audited,https://www.vrelectricalservicesaz.com/,,https://www.angi.com/companylist/us/az/phoenix/electrical.htm,2026-07-22,phone-6023690457,Exact phone/place/domain/name + service-area match,,,
68,68,Existing cockpit record · enriched in place,George Brazil Air Conditioning & Heating,HVAC contractor,Phoenix,AZ,'+1 602-649-1374,acolon@qhmamerica.com,HomeAdvisor / Angi Leads,Likely active lead-buyer,HomeAdvisor / Angi Leads: Active lead-platform signal (Likely active lead-buyer),,Lead recovery,"HomeAdvisor / Angi Leads shows the company is already acquiring leads. Its basic website/Google presence is established, so qualify what happens when a paid call or form is missed.",Current Google profile matched,4.7,5429,https://www.google.com/maps/search/?api=1&query=George%20Brazil%20Air%20Conditioning%20%26%20Heating%20Phoenix%20AZ,https://www.google.com/maps/search/?api=1&query=George%20Brazil%20Air%20Conditioning%20%26%20Heating%20Phoenix%20AZ,Owned website found,https://georgebrazilhvac.com/,,https://www.homeadvisor.com/tloc/Rio-Verde-AZ/Heat-Pump-Repair-or-Service/,2026-07-21,phone-6026491374,Exact phone/place/domain/name + service-area match,,,
69,69,Existing cockpit record · enriched in place,Conserva Irrigation of Greater Scottsdale,irrigation repair,Scottsdale,AZ,'+14807716195,,HomeAdvisor / Angi Leads,Likely active lead-buyer,HomeAdvisor / Angi Leads: Active lead-platform signal (Likely active lead-buyer),,Lead recovery,"HomeAdvisor / Angi Leads shows the company is already acquiring leads. Its basic website/Google presence is established, so qualify what happens when a paid call or form is missed.",Current Google profile matched,4.8,218,https://www.google.com/maps/search/?api=1&query=Conserva%20Irrigation%20of%20Greater%20Scottsdale&query_place_id=ChIJi50C_8yKq2QRMRScbNkAwMc,https://www.google.com/maps/search/?api=1&query=Conserva%20Irrigation%20of%20Greater%20Scottsdale&query_place_id=ChIJi50C_8yKq2QRMRScbNkAwMc,Website listed · not audited,https://conservairrigation.com/,,https://www.homeadvisor.com/tloc/Scottsdale-AZ/Lawn-and-Garden-Sprinkler-System-Install/,2026-07-21,place-ChIJi50C_8yKq2QRMRScbNkAwMc,Exact phone/place/domain/name + service-area match,,,
70,70,New contact · identity and phone verified,"Signature Heating, Cooling and Plumbing, LLC",HVAC,Tucson,AZ,'+1 520-201-8043,,Angi + Yelp,Confirmed paid,Angi: Approved advertiser badge (Confirmed paid) | Yelp: Sponsored result (Confirmed paid),Angi · response 6 hrs · rate 93% · 229 recent quote requests | Yelp · response 2 hrs,Lead recovery,"Angi + Yelp shows the company is already acquiring leads. Its basic website/Google presence is established, so qualify what happens when a paid call or form is missed.",Current Google profile matched,4.8,630,"https://www.google.com/maps/place/Signature+Heating%2C+Cooling+and+Plumbing/@32.2204949,-110.8115847,14z/data=!4m8!1m2!2m1!1sSignature+Heating%2C+Cooling+and+Plumbing!3m4!1s0x86d6694bf5f458f5:0xe2df0b6e72e251f!8m2!3d32.2204949!4d-110.8115847","https://www.google.com/maps/place/Signature+Heating%2C+Cooling+and+Plumbing/@32.2204949,-110.8115847,14z/data=!4m8!1m2!2m1!1sSignature+Heating%2C+Cooling+and+Plumbing!3m4!1s0x86d6694bf5f458f5:0xe2df0b6e72e251f!8m2!3d32.2204949!4d-110.8115847",Live,https://www.signatureheatingandcooling.com/,https://www.yelp.com/biz/signature-heating-cooling-and-plumbing-tucson-3,https://www.angi.com/companylist/us/az/tucson/hvac.htm | https://www.yelp.com/search?find_desc=Plumbers&find_loc=Tucson%2C%20AZ,2026-07-21 | 2026-07-22,platform-signature-heating-cooling-and-plumbing-tucson,Exact phone/place/domain/name + service-area match,,,
71,71,New contact · identity and phone verified,"Balance Landscaping, LLC",Landscaping,Phoenix,AZ,'+1 602-459-6681,,Angi + HomeAdvisor / Angi Leads,Confirmed paid,Angi: Approved advertiser badge (Confirmed paid) | Angi: Approved advertiser badge (Confirmed paid) | HomeAdvisor / Angi Leads: Active lead-platform signal (Likely active lead-buyer),Angi · response 2 days · 69 recent quote requests | Angi · 7 recent quote requests,Lead recovery,"Angi + HomeAdvisor / Angi Leads shows paid lead activity and the current business phone was independently verified. Google profile identity is still unresolved, so lead with what happens to missed paid calls rather than making a Google claim.",Not yet cross-checked,,0,,https://www.google.com/maps/search/?api=1&query=Balance%20Landscaping%2C%20LLC%20Arizona,No owned website or confident Google profile identified; recheck manually before pitching a website,,,https://www.angi.com/companylist/us/az/phoenix/landscaping.htm | https://www.angi.com/companylist/us/az/tucson/landscaping.htm | https://www.homeadvisor.com/tloc/Scottsdale-AZ/Designer-Landscape/,2026-07-21 | 2026-07-22,platform-balance-landscaping-phoenix,Exact phone/place/domain/name + service-area match,,,
72,72,New contact · identity and phone verified,"Eazy Breezy Heating and Cooling, LLC",HVAC,Tucson,AZ,'+1 520-207-0334,,Angi,Confirmed paid,Angi: Approved advertiser badge (Confirmed paid),Angi · response 7 hrs · 39 recent quote requests,Reviews,"Angi shows paid lead activity; Google currently shows 44 reviews at 4.1, creating a concrete reputation-system conversation.",Current Google profile matched,4.1,44,"https://www.google.com/maps/place/Eazy+Breezy+Heating+%26+Cooling/@32.1795993,-110.9568903,14z/data=!4m8!1m2!2m1!1sEazy+Breezy+Heating+%26+Cooling!3m4!1s0x86d67aa6f9936821:0x75af3332eea5c267!8m2!3d32.1795993!4d-110.9568903","https://www.google.com/maps/place/Eazy+Breezy+Heating+%26+Cooling/@32.1795993,-110.9568903,14z/data=!4m8!1m2!2m1!1sEazy+Breezy+Heating+%26+Cooling!3m4!1s0x86d67aa6f9936821:0x75af3332eea5c267!8m2!3d32.1795993!4d-110.9568903",Live,https://www.eazybreezyheat-ac.com/,,https://www.angi.com/companylist/us/az/tucson/hvac.htm,2026-07-22,platform-eazy-breezy-heating-and-cooling-tucson,,,,
73,73,New contact · identity and phone verified,"W & D Roofing and Contracting, LLC",Roofing,Tucson,AZ,'+1 520-409-1812,,Angi,Confirmed paid,Angi: Approved advertiser badge (Confirmed paid) | Angi: Approved advertiser badge (Confirmed paid) | Angi: Approved advertiser badge (Confirmed paid),Angi · response 1 day · 77 recent quote requests | Angi · response 1 day · 74 recent quote requests | Angi · response 1 day · 73 recent quote requests,Reviews,"Angi shows paid lead activity; Google currently shows 34 reviews at 4.8, creating a concrete reputation-system conversation.",Current Google profile matched,4.8,34,"https://www.google.com/maps/place/W%26D+Roofing+and+Contracting/@32.1707661,-110.92422579999999,14z/data=!4m8!1m2!2m1!1sW%26D+Roofing+and+Contracting!3m4!1s0x86d67b799192c6c5:0x57512b096cdb9086!8m2!3d32.1707661!4d-110.92422579999999","https://www.google.com/maps/place/W%26D+Roofing+and+Contracting/@32.1707661,-110.92422579999999,14z/data=!4m8!1m2!2m1!1sW%26D+Roofing+and+Contracting!3m4!1s0x86d67b799192c6c5:0x57512b096cdb9086!8m2!3d32.1707661!4d-110.92422579999999",Live,https://arizonaroofpro.com/,,https://www.angi.com/companylist/us/az/tucson/roofing.htm | https://www.angi.com/companylist/us/az/sierra-vista/roofing.htm | https://www.angi.com/companylist/us/az/casa-grande/roofing.htm,2026-07-22,platform-w-and-d-roofing-and-contracting-tucson,,,,
74,74,New contact · identity and phone verified,Allied Electric LLC,Electrical; HVAC,Flagstaff,AZ,'+1 928-833-4681,,Angi,Confirmed paid,Angi: Approved advertiser badge (Confirmed paid) | Angi: Approved advertiser badge (Confirmed paid) | Angi: Approved advertiser badge (Confirmed paid) | Angi: Approved advertiser badge (Confirmed paid),Angi · response 1 day · rate 100% · 114 recent quote requests | Angi · response 6 hrs · rate 100% · 117 recent quote requests | Angi · response 1 day · rate 100% · 102 recent quote requests | Angi · response 1 day · rate 100% · 104 recent quote requests,Reviews,"Angi shows paid lead activity; Google currently shows 29 reviews at 4.8, creating a concrete reputation-system conversation.",Current Google profile matched,4.8,29,"https://www.google.com/maps/place/Allied+Electric%2C+Heating+%26+AC+Repair/@35.184455199999995,-111.6696851,14z/data=!4m8!1m2!2m1!1sAllied+Electric%2C+Heating+%26+AC+Repair!3m4!1s0x872d852147e4edf9:0x99c00347cd1bbbf3!8m2!3d35.184455199999995!4d-111.6696851","https://www.google.com/maps/place/Allied+Electric%2C+Heating+%26+AC+Repair/@35.184455199999995,-111.6696851,14z/data=!4m8!1m2!2m1!1sAllied+Electric%2C+Heating+%26+AC+Repair!3m4!1s0x872d852147e4edf9:0x99c00347cd1bbbf3!8m2!3d35.184455199999995!4d-111.6696851",Live,https://callalliedelectric.com/service-areas/flagstaff-az/,,https://www.angi.com/companylist/us/az/flagstaff/hvac.htm | https://www.angi.com/companylist/us/az/flagstaff/electrical.htm | https://www.angi.com/companylist/us/az/prescott/hvac.htm | https://www.angi.com/companylist/us/az/prescott/electrical.htm,2026-07-22,platform-allied-electric-flagstaff,,,,
75,75,New contact · identity and phone verified,"ValleyContracting, LLC",Roofing,Prescott,AZ,'+1 480-262-3604,,Angi,Confirmed paid,Angi: Approved advertiser badge (Confirmed paid) | Angi: Approved advertiser badge (Confirmed paid),Angi · response 3 hrs · 64 recent quote requests | Angi · response 3 hrs · 64 recent quote requests,Reviews,"Angi shows paid lead activity; Google currently shows 29 reviews at 4.9, creating a concrete reputation-system conversation.",Current Google profile matched,4.9,29,"https://www.google.com/maps/place/Valley+Contracting/@33.3074037,-111.87560049999999,14z/data=!4m8!1m2!2m1!1sValley+Contracting!3m4!1s0x872b00b382eabdf7:0xe82ef1d15c5d142f!8m2!3d33.3074037!4d-111.87560049999999","https://www.google.com/maps/place/Valley+Contracting/@33.3074037,-111.87560049999999,14z/data=!4m8!1m2!2m1!1sValley+Contracting!3m4!1s0x872b00b382eabdf7:0xe82ef1d15c5d142f!8m2!3d33.3074037!4d-111.87560049999999",Live,https://valleyraingutter.com/,,https://www.angi.com/companylist/us/az/prescott/roofing.htm | https://www.angi.com/companylist/us/az/casa-grande/roofing.htm,2026-07-22,platform-valleycontracting-prescott,,,,
76,76,New contact · identity and phone verified,Green Machine Pest Control,Pest Control,Phoenix,AZ,'+1 480-712-1105,,Angi,Confirmed paid,Angi: Approved advertiser badge (Confirmed paid) | Angi: Approved advertiser badge (Confirmed paid),Angi · response 8 hrs · 149 recent quote requests | Angi · response 8 hrs · 149 recent quote requests,Lead recovery,"Angi shows the company is already acquiring leads. Its basic website/Google presence is established, so qualify what happens when a paid call or form is missed.",Current Google profile matched,4.9,2094,"https://www.google.com/maps/place/Green+Machine+Pest+Control/@33.3086301,-111.6707366,14z/data=!4m8!1m2!2m1!1sGreen+Machine+Pest+Control!3m4!1s0x872baa261f2d58b7:0xbd3eda6a0ed53958!8m2!3d33.3086301!4d-111.6707366","https://www.google.com/maps/place/Green+Machine+Pest+Control/@33.3086301,-111.6707366,14z/data=!4m8!1m2!2m1!1sGreen+Machine+Pest+Control!3m4!1s0x872baa261f2d58b7:0xbd3eda6a0ed53958!8m2!3d33.3086301!4d-111.6707366",Live,https://www.greenmachinepest.com/,,https://www.angi.com/companylist/us/az/phoenix/pest-control.htm | https://www.angi.com/companylist/us/az/tucson/pest-control.htm,2026-07-22,platform-green-machine-pest-control-phoenix,,,,
77,77,New contact · identity and phone verified,"Home Concepts Custom Remodeling, LLC",Kitchen & Bath Remodeling; Plumbing,Phoenix,AZ,'+1 602-693-1678,,Angi,Confirmed paid,Angi: Approved advertiser badge (Confirmed paid) | Angi: Approved advertiser badge (Confirmed paid) | Angi: Approved advertiser badge (Confirmed paid) | Angi: Approved advertiser badge (Confirmed paid) | Angi: Approved advertiser badge (Confirmed paid),Angi · response 2 days · 281 recent quote requests | Angi · response 2 days · 280 recent quote requests | Angi · response 2 days · 283 recent quote requests | Angi · response 2 days · 283 recent quote requests | Angi · response 2 days · 286 recent quote requests,Lead recovery,"Angi shows the company is already acquiring leads. Its basic website/Google presence is established, so qualify what happens when a paid call or form is missed.",Current Google profile matched,4.9,336,"https://www.google.com/maps/place/Home+Concepts+Custom+Remodeling/@33.3826751,-111.941435,14z/data=!4m8!1m2!2m1!1sHome+Concepts+Custom+Remodeling!3m4!1s0x872bac0cadb6a653:0xf6053d3c3cc84329!8m2!3d33.3826751!4d-111.941435","https://www.google.com/maps/place/Home+Concepts+Custom+Remodeling/@33.3826751,-111.941435,14z/data=!4m8!1m2!2m1!1sHome+Concepts+Custom+Remodeling!3m4!1s0x872bac0cadb6a653:0xf6053d3c3cc84329!8m2!3d33.3826751!4d-111.941435",Live,https://www.homeconceptscustomremodeling.com/,,https://www.angi.com/companylist/us/az/phoenix/kitchen-and-bath-remodeling.htm | https://www.angi.com/companylist/us/az/tucson/kitchen-and-bath-remodeling.htm | https://www.angi.com/companylist/us/az/flagstaff/plumbing.htm | https://www.angi.com/companylist/us/az/prescott/plumbing.htm | https://www.angi.com/companylist/us/az/sierra-vista/plumbing.htm,2026-07-22,platform-home-concepts-custom-remodeling-phoenix,,,,
78,78,New contact · identity and phone verified,"Mission Accomplished Contracting, Inc.",HVAC; Plumbing,Lake Havasu City,AZ,'+1 928-517-7703,,Angi,Confirmed paid,Angi: Approved advertiser badge (Confirmed paid) | Angi: Approved advertiser badge (Confirmed paid),Angi · 67 recent quote requests | Angi · response 9 hrs · rate 98% · 73 recent quote requests,Lead recovery,"Angi shows the company is already acquiring leads. Its basic website/Google presence is established, so qualify what happens when a paid call or form is missed.",Current Google profile matched,4.9,219,"https://www.google.com/maps/place/Mission+Accomplished+Heating+and+Cooling/@34.4966844,-114.3372488,14z/data=!4m8!1m2!2m1!1sMission+Accomplished+Heating+and+Cooling!3m4!1s0x80d1ed2ba49184af:0x2bba5739d3f2f78f!8m2!3d34.4966844!4d-114.3372488","https://www.google.com/maps/place/Mission+Accomplished+Heating+and+Cooling/@34.4966844,-114.3372488,14z/data=!4m8!1m2!2m1!1sMission+Accomplished+Heating+and+Cooling!3m4!1s0x80d1ed2ba49184af:0x2bba5739d3f2f78f!8m2!3d34.4966844!4d-114.3372488",Live,https://callmissionaccomplished.com/,,https://www.angi.com/companylist/us/az/lake-havasu-city/hvac.htm | https://www.angi.com/companylist/us/az/lake-havasu-city/plumbing.htm,2026-07-22,platform-mission-accomplished-contracting-lake-havasu-city,,,,
79,79,New contact · identity and phone verified,"Oasis Air, LLC",HVAC,Phoenix,AZ,'+1 480-485-5630,,Angi,Confirmed paid,Angi: Approved advertiser badge (Confirmed paid) | Angi: Approved advertiser badge (Confirmed paid),Angi · response 2 hrs · rate 94% · 217 recent quote requests | Angi · response 2 hrs · rate 94% · 210 recent quote requests,Lead recovery,"Angi shows the company is already acquiring leads. Its basic website/Google presence is established, so qualify what happens when a paid call or form is missed.",Current Google profile matched,4.8,213,"https://www.google.com/maps/place/Oasis+Air+AZ/@33.488765,-111.9278205,14z/data=!4m8!1m2!2m1!1sOasis+Air+AZ!3m4!1s0x872b0be6b5a6a9d3:0x965f47e037fbea3a!8m2!3d33.488765!4d-111.9278205","https://www.google.com/maps/place/Oasis+Air+AZ/@33.488765,-111.9278205,14z/data=!4m8!1m2!2m1!1sOasis+Air+AZ!3m4!1s0x872b0be6b5a6a9d3:0x965f47e037fbea3a!8m2!3d33.488765!4d-111.9278205",Domain responds but automated check is blocked,https://oasisairaz.com/,https://www.angi.com/companylist/us/az/phoenix/oasis-air-llc-reviews-1.htm,https://www.angi.com/companylist/us/az/phoenix/hvac.htm | https://www.angi.com/companylist/us/az/casa-grande/hvac.htm,2026-07-22,platform-oasis-air-phoenix,,,,
80,80,New contact · identity and phone verified,Arizona VIP Plumbing LLC,Plumbing,Lake Havasu City,AZ,'+1 928-543-1949,,Angi,Confirmed paid,Angi: Approved advertiser badge (Confirmed paid),Angi · response 7 hrs · rate 87% · 36 recent quote requests,Lead recovery,"Angi shows the company is already acquiring leads. Its basic website/Google presence is established, so qualify what happens when a paid call or form is missed.",Current Google profile matched,4.8,84,"https://www.google.com/maps/place/Arizona+VIP+Plumbing+Sewer+%26+Fire+Protection/@34.4982258,-114.3476367,14z/data=!4m8!1m2!2m1!1sArizona+VIP+Plumbing+Sewer+%26+Fire+Protection!3m4!1s0x80d1f1aeab61e8fb:0x5553ee7d3c9f44ad!8m2!3d34.4982258!4d-114.3476367","https://www.google.com/maps/place/Arizona+VIP+Plumbing+Sewer+%26+Fire+Protection/@34.4982258,-114.3476367,14z/data=!4m8!1m2!2m1!1sArizona+VIP+Plumbing+Sewer+%26+Fire+Protection!3m4!1s0x80d1f1aeab61e8fb:0x5553ee7d3c9f44ad!8m2!3d34.4982258!4d-114.3476367",Live,https://arizonavipplumbing.com/,,https://www.angi.com/companylist/us/az/lake-havasu-city/plumbing.htm,2026-07-22,platform-arizona-vip-plumbing-lake-havasu-city,,,,
81,81,New contact · identity and phone verified,GreenGo Roofing,Roofing,Tucson,AZ,'+1 520-475-4000,,Angi,Confirmed paid,Angi: Approved advertiser badge (Confirmed paid),Angi · response 4 hrs · 36 recent quote requests,Lead recovery,"Angi shows the company is already acquiring leads. Its basic website/Google presence is established, so qualify what happens when a paid call or form is missed.",Current Google profile matched,5,54,"https://www.google.com/maps/place/GreenGo+Roofing/@32.2530782,-110.7811892,14z/data=!4m8!1m2!2m1!1sGreenGo+Roofing!3m4!1s0x86d66f8690f028bb:0xe6f7a421655a609d!8m2!3d32.2530782!4d-110.7811892","https://www.google.com/maps/place/GreenGo+Roofing/@32.2530782,-110.7811892,14z/data=!4m8!1m2!2m1!1sGreenGo+Roofing!3m4!1s0x86d66f8690f028bb:0xe6f7a421655a609d!8m2!3d32.2530782!4d-110.7811892",Live,https://greengoroofing.com/,,https://www.angi.com/companylist/us/az/tucson/roofing.htm,2026-07-22,platform-greengo-roofing-tucson,,,,
82,82,New contact · identity and phone verified,Varsity Zone HVAC of Scottsdale,HVAC,Tempe,AZ,'+1 480-590-4647,,Angi,Confirmed paid,Angi: Approved advertiser badge (Confirmed paid),Angi · response 40 mins · 26 recent quote requests,Lead recovery,"Angi shows the company is already acquiring leads. Its basic website/Google presence is established, so qualify what happens when a paid call or form is missed.",Current Google profile matched,5,46,"https://www.google.com/maps/place/Varsity+Zone+HVAC+of+Scottsdale/@33.4167,-111.9621492,14z/data=!4m8!1m2!2m1!1sVarsity+Zone+HVAC+of+Scottsdale!3m4!1s0x872b0f003ec5ff13:0x9a40e22a1fdd9ed7!8m2!3d33.4167!4d-111.9621492","https://www.google.com/maps/place/Varsity+Zone+HVAC+of+Scottsdale/@33.4167,-111.9621492,14z/data=!4m8!1m2!2m1!1sVarsity+Zone+HVAC+of+Scottsdale!3m4!1s0x872b0f003ec5ff13:0x9a40e22a1fdd9ed7!8m2!3d33.4167!4d-111.9621492",Live,https://www.varsityzone.com/scottsdale-az/,https://www.angi.com/companylist/us/az/tempe/varsity-zone-hvac-of-scottsdale-reviews-1.htm,https://www.angi.com/companylist/us/az/phoenix/hvac.htm,2026-07-22,platform-varsity-zone-hvac-of-scottsdale-tempe,,,,
83,83,New contact · identity and phone verified,ESPINOZA'S LANDSCAPING LLC,Landscaping,Tucson,AZ,'+1 520-727-1135,,Angi,Confirmed paid,Angi: Approved advertiser badge (Confirmed paid),Angi · response 10 mins · rate 95% · 21 recent quote requests,Lead recovery,"Angi shows the company is already acquiring leads. Its basic website/Google presence is established, so qualify what happens when a paid call or form is missed.",Current Google profile matched,5,2,"https://www.google.com/maps/place/Espinoz%40%27s+Landscaping+LLC/@31.9701219,-111.8908745,14z/data=!4m8!1m2!2m1!1sEspinoz%40%27s+Landscaping+LLC!3m4!1s0xa66d6969b4c14801:0x44f7d1a70c6ef9de!8m2!3d31.9701219!4d-111.8908745","https://www.google.com/maps/place/Espinoz%40%27s+Landscaping+LLC/@31.9701219,-111.8908745,14z/data=!4m8!1m2!2m1!1sEspinoz%40%27s+Landscaping+LLC!3m4!1s0xa66d6969b4c14801:0x44f7d1a70c6ef9de!8m2!3d31.9701219!4d-111.8908745",No owned website identified; official Instagram and Angi profiles found,,,https://www.angi.com/companylist/us/az/tucson/landscaping.htm,2026-07-22,platform-espinoza-s-landscaping-tucson,,,,
84,84,New contact · identity and phone verified,Chapillo Electric LLC,Electrical,Casa Grande,AZ,'+1 602-587-9929,,Angi,Confirmed paid,Angi: Approved advertiser badge (Confirmed paid),Angi · response 3 hrs · rate 85% · 84 recent quote requests,Lead recovery,"Angi shows the company is already acquiring leads. Its basic website/Google presence is established, so qualify what happens when a paid call or form is missed.",Current Google profile matched,,0,"https://www.google.com/maps/place/CHAPILLO+ELECTRIC/@33.347947,-112.219944,14z/data=!4m8!1m2!2m1!1sCHAPILLO+ELECTRIC!3m4!1s0xaa3b910c2738e329:0xd67fdf9206a9678f!8m2!3d33.347947!4d-112.219944","https://www.google.com/maps/place/CHAPILLO+ELECTRIC/@33.347947,-112.219944,14z/data=!4m8!1m2!2m1!1sCHAPILLO+ELECTRIC!3m4!1s0xaa3b910c2738e329:0xd67fdf9206a9678f!8m2!3d33.347947!4d-112.219944",No owned website identified; recheck manually before pitching a website,,,https://www.angi.com/companylist/us/az/casa-grande/electrical.htm,2026-07-22,platform-chapillo-electric-casa-grande,,,,
85,85,New contact · identity and phone verified,Five Star Bath Solutions of Phoenix AZ,Kitchen & Bath Remodeling; Plumbing,Phoenix,AZ,'+1 602-362-8814,,Angi,Confirmed paid,Angi: Approved advertiser badge (Confirmed paid) | Angi: Approved advertiser badge (Confirmed paid),Angi · 399 recent quote requests | Angi · 407 recent quote requests,Lead recovery,"Angi shows paid lead activity and the current business phone was independently verified. Google profile identity is still unresolved, so lead with what happens to missed paid calls rather than making a Google claim.",Not yet cross-checked,,0,,https://www.google.com/maps/search/?api=1&query=Five%20Star%20Bath%20Solutions%20of%20Phoenix%20AZ%20Arizona,Live,https://fivestarbathsolutions.com/,,https://www.angi.com/companylist/us/az/phoenix/kitchen-and-bath-remodeling.htm | https://www.angi.com/companylist/us/az/casa-grande/plumbing.htm,2026-07-22,platform-five-star-bath-solutions-of-phoenix-az-phoenix,,,,
